,grad,dwl
2024-08-05 15:15:00,,
2024-08-05 15:30:00,,
2024-08-05 15:45:00,,
2024-08-05 16:00:00,,
2024-08-05 16:15:00,,
2024-08-05 16:30:00,,
2024-08-05 16:45:00,,
2024-08-05 17:00:00,,
2024-08-05 17:15:00,,
2024-08-05 17:30:00,,
2024-08-05 17:45:00,,
2024-08-05 18:00:00,,
2024-08-05 18:15:00,,
2024-08-05 18:30:00,,
2024-08-05 18:45:00,,
2024-08-05 19:00:00,,
2024-08-05 19:15:00,,
2024-08-05 19:30:00,,
2024-08-05 19:45:00,,
2024-08-05 20:00:00,,
2024-08-05 20:15:00,,
2024-08-05 20:30:00,,
2024-08-05 20:45:00,,
2024-08-05 21:00:00,,
2024-08-05 21:15:00,,
2024-08-05 21:30:00,,
2024-08-05 21:45:00,,
2024-08-05 22:00:00,,
2024-08-05 22:15:00,,
2024-08-05 22:30:00,,
2024-08-05 22:45:00,,
2024-08-05 23:00:00,,
2024-08-05 23:15:00,,
2024-08-05 23:30:00,,
2024-08-05 23:45:00,,
2024-08-06 00:00:00,,
2024-08-06 00:15:00,,
2024-08-06 00:30:00,,
2024-08-06 00:45:00,,
2024-08-06 01:00:00,,
2024-08-06 01:15:00,,
2024-08-06 01:30:00,,
2024-08-06 01:45:00,,
2024-08-06 02:00:00,,
2024-08-06 02:15:00,,
2024-08-06 02:30:00,,
2024-08-06 02:45:00,,
2024-08-06 03:00:00,,
2024-08-06 03:15:00,,
2024-08-06 03:30:00,,
2024-08-06 03:45:00,,
2024-08-06 04:00:00,,
2024-08-06 04:15:00,,
2024-08-06 04:30:00,0.0,0.1875
2024-08-06 04:45:00,0.1389999999999958,0.1875
2024-08-06 05:00:00,0.0,0.1875
2024-08-06 05:15:00,0.0,0.1875
2024-08-06 05:30:00,0.0,0.0
2024-08-06 05:45:00,0.0,1.0
2024-08-06 06:00:00,0.06500000000000838,1.0
2024-08-06 06:15:00,0.0,1.0
2024-08-06 06:30:00,0.0,1.0
2024-08-06 06:45:00,0.0,0.625
2024-08-06 07:00:00,0.007999999999999119,0.6875
2024-08-06 07:15:00,0.11700000000001154,0.75
2024-08-06 07:30:00,0.10399999999998855,0.8125
2024-08-06 07:45:00,0.3500000000000014,0.25
2024-08-06 08:00:00,0.409000000000006,0.3125
2024-08-06 08:15:00,0.45999999999999375,0.3125
2024-08-06 08:30:00,0.4359999999999964,0.4375
2024-08-06 08:45:00,0.8980000000000032,0.5
2024-08-06 09:00:00,0.8399999999999963,0.4375
2024-08-06 09:15:00,0.7690000000000019,0.4375
2024-08-06 09:30:00,1.0110000000000063,0.5
2024-08-06 09:45:00,0.9009999999999962,0.5
2024-08-06 10:00:00,1.0689999999999955,0.5
2024-08-06 10:15:00,1.2609999999999921,0.625
2024-08-06 10:30:00,0.666000000000011,0.5625
2024-08-06 10:45:00,1.6859999999999964,0.625
2024-08-06 11:00:00,1.1239999999999917,0.6875
2024-08-06 11:15:00,0.472999999999999,0.75
2024-08-06 11:30:00,1.504000000000012,0.75
2024-08-06 11:45:00,1.4720000000000155,0.6875
2024-08-06 12:00:00,1.0850000000000115,0.625
2024-08-06 12:15:00,0.6080000000000041,0.5625
2024-08-06 12:30:00,0.6600000000000072,0.625
2024-08-06 12:45:00,1.7130000000000045,0.75
2024-08-06 13:00:00,1.0440000000000005,0.75
2024-08-06 13:15:00,0.73599999999999,0.625
2024-08-06 13:30:00,0.9360000000000035,0.75
2024-08-06 13:45:00,0.8309999999999995,0.5625
2024-08-06 14:00:00,0.9409999999999918,0.5625
2024-08-06 14:15:00,1.786999999999992,0.625
2024-08-06 14:30:00,2.474999999999987,0.4375
2024-08-06 14:45:00,1.5939999999999976,1.0
2024-08-06 15:00:00,0.8660000000000068,1.1875
2024-08-06 15:15:00,0.3930000000000078,1.3125
2024-08-06 15:30:00,1.0830000000000162,1.75
2024-08-06 15:45:00,0.5940000000000012,1.875
2024-08-06 16:00:00,0.6850000000000023,1.6875
2024-08-06 16:15:00,2.8859999999999886,1.5
2024-08-06 16:30:00,1.490000000000009,0.9375
2024-08-06 16:45:00,0.45800000000001617,0.6875
2024-08-06 17:00:00,0.21000000000000796,1.625
2024-08-06 17:15:00,0.931999999999995,1.6875
2024-08-06 17:30:00,2.919999999999998,1.75
2024-08-06 17:45:00,1.576000000000004,1.375
2024-08-06 18:00:00,0.4889999999999972,1.0
2024-08-06 18:15:00,0.7410000000000139,1.125
2024-08-06 18:30:00,1.720000000000006,1.1875
2024-08-06 18:45:00,0.7699999999999996,2.3125
2024-08-06 19:00:00,0.052000000000003155,2.3125
2024-08-06 19:15:00,0.254000000000012,2.8125
2024-08-06 19:30:00,0.28200000000000003,3.375
2024-08-06 19:45:00,0.5849999999999866,3.125
2024-08-06 20:00:00,0.7939999999999969,2.875
2024-08-06 20:15:00,0.18299999999999983,2.375
2024-08-06 20:30:00,0.4269999999999996,2.625
2024-08-06 20:45:00,0.14200000000000657,2.625
2024-08-06 21:00:00,0.16199999999999548,3.625
2024-08-06 21:15:00,0.05500000000001393,4.375
2024-08-06 21:30:00,0.32099999999999795,4.375
2024-08-06 21:45:00,0.3390000000000093,3.625
2024-08-06 22:00:00,0.10600000000000165,3.625
2024-08-06 22:15:00,0.05499999999999616,3.0
2024-08-06 22:30:00,,
2024-08-06 22:45:00,,
2024-08-06 23:00:00,,
2024-08-06 23:15:00,,
2024-08-06 23:30:00,,
2024-08-06 23:45:00,,
2024-08-07 00:00:00,,
2024-08-07 00:15:00,,
2024-08-07 00:30:00,,
2024-08-07 00:45:00,,
2024-08-07 01:00:00,,
2024-08-07 01:15:00,,
2024-08-07 01:30:00,,
2024-08-07 01:45:00,,
2024-08-07 02:00:00,,
2024-08-07 02:15:00,,
2024-08-07 02:30:00,,
2024-08-07 02:45:00,,
2024-08-07 03:00:00,,
2024-08-07 03:15:00,,
2024-08-07 03:30:00,,
2024-08-07 03:45:00,,
2024-08-07 04:00:00,,
2024-08-07 04:15:00,,
2024-08-07 04:30:00,0.0,0.0
2024-08-07 04:45:00,0.0,0.125
2024-08-07 05:00:00,0.005000000000006111,0.1875
2024-08-07 05:15:00,0.04000000000001336,0.1875
2024-08-07 05:30:00,0.0,0.1875
2024-08-07 05:45:00,0.0,0.0625
2024-08-07 06:00:00,0.0,0.0
2024-08-07 06:15:00,0.0,0.1875
2024-08-07 06:30:00,0.0070000000000014495,0.25
2024-08-07 06:45:00,0.15875000000001194,0.3125
2024-08-07 07:00:00,0.0557500000000033,0.375
2024-08-07 07:15:00,0.11400000000000077,0.25
2024-08-07 07:30:00,0.22325000000000372,0.25
2024-08-07 07:45:00,0.3719999999999857,0.25
2024-08-07 08:00:00,0.29899999999999594,0.25
2024-08-07 08:15:00,0.708000000000002,0.3125
2024-08-07 08:30:00,0.6867499999999893,0.4375
2024-08-07 08:45:00,0.5020000000000024,0.4375
2024-08-07 09:00:00,0.7280000000000086,0.4375
2024-08-07 09:15:00,0.6610000000000049,0.5
2024-08-07 09:30:00,1.7689999999999984,0.375
2024-08-07 09:45:00,0.9009999999999962,0.375
2024-08-07 10:00:00,1.0890000000000022,0.375
2024-08-07 10:15:00,1.9150000000000134,0.25
2024-08-07 10:30:00,1.661999999999999,0.25
2024-08-07 10:45:00,0.7889999999999908,0.3125
2024-08-07 11:00:00,0.641000000000016,0.4375
2024-08-07 11:15:00,1.524000000000001,0.5625
2024-08-07 11:30:00,2.0640000000000036,0.6875
2024-08-07 11:45:00,1.3530000000000086,0.9375
2024-08-07 12:00:00,0.5429999999999957,0.8125
2024-08-07 12:15:00,0.688999999999993,0.6875
2024-08-07 12:30:00,1.7549999999999955,0.5625
2024-08-07 12:45:00,0.9960000000000058,0.3125
2024-08-07 13:00:00,1.4869999999999983,0.3125
2024-08-07 13:15:00,1.6699999999999982,0.4375
2024-08-07 13:30:00,0.9120000000000061,0.5
2024-08-07 13:45:00,1.1739999999999995,0.75
2024-08-07 14:00:00,0.6839999999999868,0.8125
2024-08-07 14:15:00,0.5799999999999983,0.75
2024-08-07 14:30:00,2.3300000000000054,0.8125
2024-08-07 14:45:00,0.9180000000000099,0.8125
2024-08-07 15:00:00,0.7200000000000095,0.875
2024-08-07 15:15:00,2.080749999999991,0.9375
2024-08-07 15:30:00,0.561000000000007,1.0
2024-08-07 15:45:00,1.68825,1.125
2024-08-07 16:00:00,1.943999999999999,1.3125
2024-08-07 16:15:00,0.7709999999999972,1.75
2024-08-07 16:30:00,1.07899999999999,2.125
2024-08-07 16:45:00,0.752000000000006,2.25
2024-08-07 17:00:00,0.7120000000000104,2.625
2024-08-07 17:15:00,0.6520000000000081,2.75
2024-08-07 17:30:00,0.345999999999993,2.1875
2024-08-07 17:45:00,2.743000000000002,1.625
2024-08-07 18:00:00,0.6090000000000018,1.875
2024-08-07 18:15:00,0.948999999999991,1.1875
2024-08-07 18:30:00,0.9450000000000003,1.875
2024-08-07 18:45:00,0.29800000000001603,2.0
2024-08-07 19:00:00,0.34900000000000375,1.125
2024-08-07 19:15:00,0.6600000000000072,1.6875
2024-08-07 19:30:00,0.1529999999999987,1.6875
2024-08-07 19:45:00,0.3200000000000003,2.5
2024-08-07 20:00:00,0.2370000000000161,3.375
2024-08-07 20:15:00,0.16500000000000625,4.0
2024-08-07 20:30:00,0.09700000000000486,4.5
2024-08-07 20:45:00,0.3319999999999901,3.875
2024-08-07 21:00:00,0.18899999999998585,3.25
2024-08-07 21:15:00,0.6460000000000043,3.25
2024-08-07 21:30:00,0.15349999999999753,3.375
2024-08-07 21:45:00,0.05799999999998917,3.5
2024-08-07 22:00:00,0.35725000000001117,3.75
2024-08-07 22:15:00,0.20799999999999486,3.125
2024-08-07 22:30:00,,
2024-08-07 22:45:00,,
2024-08-07 23:00:00,,
2024-08-07 23:15:00,,
2024-08-07 23:30:00,,
2024-08-07 23:45:00,,
2024-08-08 00:00:00,,
2024-08-08 00:15:00,,
2024-08-08 00:30:00,,
2024-08-08 00:45:00,,
2024-08-08 01:00:00,,
2024-08-08 01:15:00,,
2024-08-08 01:30:00,,
2024-08-08 01:45:00,,
2024-08-08 02:00:00,,
2024-08-08 02:15:00,,
2024-08-08 02:30:00,,
2024-08-08 02:45:00,,
2024-08-08 03:00:00,,
2024-08-08 03:15:00,,
2024-08-08 03:30:00,,
2024-08-08 03:45:00,,
2024-08-08 04:00:00,,
2024-08-08 04:15:00,,
2024-08-08 04:30:00,0.0,1.375
2024-08-08 04:45:00,0.16399999999999082,1.375
2024-08-08 05:00:00,0.0,0.375
2024-08-08 05:15:00,0.0,1.625
2024-08-08 05:30:00,0.018999999999991246,1.25
2024-08-08 05:45:00,0.0,1.25
2024-08-08 06:00:00,0.0,1.25
2024-08-08 06:15:00,0.0,0.0625
2024-08-08 06:30:00,0.08200000000000429,0.125
2024-08-08 06:45:00,0.1890000000000036,0.1875
2024-08-08 07:00:00,0.022999999999999687,0.3125
2024-08-08 07:15:00,0.12599999999999056,0.375
2024-08-08 07:30:00,0.07699999999999818,0.5625
2024-08-08 07:45:00,0.005000000000006111,0.5625
2024-08-08 08:00:00,0.14099999999999113,0.5
2024-08-08 08:15:00,0.3200000000000003,0.4375
2024-08-08 08:30:00,0.2609999999999957,0.25
2024-08-08 08:45:00,0.6729999999999947,0.25
2024-08-08 09:00:00,0.7800000000000118,0.3125
2024-08-08 09:15:00,1.1147500000000043,0.3125
2024-08-08 09:30:00,1.1329999999999885,0.3125
2024-08-08 09:45:00,1.1074999999999946,0.375
2024-08-08 10:00:00,1.156000000000006,0.375
2024-08-08 10:15:00,1.363000000000003,0.5
2024-08-08 10:30:00,1.6920000000000002,0.6875
2024-08-08 10:45:00,0.691000000000006,0.625
2024-08-08 11:00:00,0.7430000000000092,0.5625
2024-08-08 11:15:00,1.1120000000000019,0.5
2024-08-08 11:30:00,0.7719999999999949,0.375
2024-08-08 11:45:00,0.5679999999999907,0.5
2024-08-08 12:00:00,1.8420000000000059,0.5625
2024-08-08 12:15:00,0.6610000000000049,0.6875
2024-08-08 12:30:00,1.554000000000002,0.8125
2024-08-08 12:45:00,2.3660000000000103,0.8125
2024-08-08 13:00:00,0.782999999999987,0.9375
2024-08-08 13:15:00,0.8469999999999978,1.0625
2024-08-08 13:30:00,0.4349999999999987,1.1875
2024-08-08 13:45:00,0.710999999999995,1.25
2024-08-08 14:00:00,1.0809999999999853,1.25
2024-08-08 14:15:00,0.2510000000000012,1.375
2024-08-08 14:30:00,0.9750000000000014,1.375
2024-08-08 14:45:00,0.8809999999999896,1.5
2024-08-08 15:00:00,1.1180000000000057,1.625
2024-08-08 15:15:00,0.4320000000000057,1.75
2024-08-08 15:30:00,1.1470000000000091,2.0
2024-08-08 15:45:00,1.440999999999999,2.0
2024-08-08 16:00:00,1.2579999999999991,1.6875
2024-08-08 16:15:00,0.9670000000000023,1.125
2024-08-08 16:30:00,1.0250000000000092,0.5625
2024-08-08 16:45:00,0.970999999999993,0.5625
2024-08-08 17:00:00,1.0360000000000014,1.0
2024-08-08 17:15:00,0.9149999999999991,1.5625
2024-08-08 17:30:00,0.7189999999999941,1.875
2024-08-08 17:45:00,0.4320000000000057,2.25
2024-08-08 18:00:00,0.6709999999999994,1.8125
2024-08-08 18:15:00,2.3969999999999914,1.25
2024-08-08 18:30:00,2.5950000000000095,1.0625
2024-08-08 18:45:00,0.24399999999999977,0.9375
2024-08-08 19:00:00,0.28400000000001313,1.125
2024-08-08 19:15:00,0.26999999999999247,1.3125
2024-08-08 19:30:00,0.44000000000000483,1.375
2024-08-08 19:45:00,0.2289999999999992,1.75
2024-08-08 20:00:00,0.2689999999999948,2.75
2024-08-08 20:15:00,0.32700000000000173,3.75
2024-08-08 20:30:00,0.7179999999999964,3.875
2024-08-08 20:45:00,0.49300000000000566,3.875
2024-08-08 21:00:00,0.21800000000000708,3.875
2024-08-08 21:15:00,0.5510000000000126,3.625
2024-08-08 21:30:00,0.053000000000000824,3.25
2024-08-08 21:45:00,0.0,3.5
2024-08-08 22:00:00,0.34399999999999764,2.75
2024-08-08 22:15:00,0.3110000000000035,2.75
2024-08-08 22:30:00,,
2024-08-08 22:45:00,,
2024-08-08 23:00:00,,
2024-08-08 23:15:00,,
2024-08-08 23:30:00,,
2024-08-08 23:45:00,,
2024-08-09 00:00:00,,
2024-08-09 00:15:00,,
2024-08-09 00:30:00,,
2024-08-09 00:45:00,,
2024-08-09 01:00:00,,
2024-08-09 01:15:00,,
2024-08-09 01:30:00,,
2024-08-09 01:45:00,,
2024-08-09 02:00:00,,
2024-08-09 02:15:00,,
2024-08-09 02:30:00,,
2024-08-09 02:45:00,,
2024-08-09 03:00:00,,
2024-08-09 03:15:00,,
2024-08-09 03:30:00,,
2024-08-09 03:45:00,,
2024-08-09 04:00:00,,
2024-08-09 04:15:00,,
2024-08-09 04:30:00,0.0,0.0
2024-08-09 04:45:00,0.0,0.0625
2024-08-09 05:00:00,0.044000000000004036,0.0625
2024-08-09 05:15:00,0.0,0.0625
2024-08-09 05:30:00,0.0,0.6875
2024-08-09 05:45:00,0.038000000000000256,0.625
2024-08-09 06:00:00,0.0,0.625
2024-08-09 06:15:00,0.0,0.6875
2024-08-09 06:30:00,0.029000000000003467,0.125
2024-08-09 06:45:00,0.04999999999999005,0.125
2024-08-09 07:00:00,0.0,0.375
2024-08-09 07:15:00,0.058000000000006935,0.4375
2024-08-09 07:30:00,0.060000000000002274,0.4375
2024-08-09 07:45:00,0.12900000000000134,0.5625
2024-08-09 08:00:00,0.16000000000000014,0.375
2024-08-09 08:15:00,0.1699999999999946,0.375
2024-08-09 08:30:00,0.3662499999999902,0.375
2024-08-09 08:45:00,0.41999999999999815,0.3125
2024-08-09 09:00:00,0.4087499999999977,0.3125
2024-08-09 09:15:00,0.6887500000000024,0.3125
2024-08-09 09:30:00,1.0972499999999918,0.3125
2024-08-09 09:45:00,1.085250000000002,0.3125
2024-08-09 10:00:00,1.1139999999999972,0.375
2024-08-09 10:15:00,1.144999999999996,0.3125
2024-08-09 10:30:00,0.5647500000000072,0.3125
2024-08-09 10:45:00,0.4875000000000007,0.375
2024-08-09 11:00:00,1.4525000000000077,0.4375
2024-08-09 11:15:00,1.1980000000000146,0.5625
2024-08-09 11:30:00,1.8819999999999837,0.6875
2024-08-09 11:45:00,1.4089999999999847,0.8125
2024-08-09 12:00:00,1.5559999999999974,0.875
2024-08-09 12:15:00,0.8990000000000009,0.875
2024-08-09 12:30:00,0.5000000000000071,0.9375
2024-08-09 12:45:00,0.5659999999999954,0.9375
2024-08-09 13:00:00,0.8689999999999998,0.9375
2024-08-09 13:15:00,1.3480000000000025,1.125
2024-08-09 13:30:00,2.242000000000015,1.25
2024-08-09 13:45:00,1.7430000000000057,1.0625
2024-08-09 14:00:00,0.43100000000000804,0.9375
2024-08-09 14:15:00,1.0249999999999915,0.625
2024-08-09 14:30:00,1.2149999999999928,0.5
2024-08-09 14:45:00,0.9759999999999991,0.6875
2024-08-09 15:00:00,0.9640000000000093,0.9375
2024-08-09 15:15:00,0.8769999999999989,1.5
2024-08-09 15:30:00,0.29799999999999827,1.625
2024-08-09 15:45:00,1.7789999999999928,1.75
2024-08-09 16:00:00,0.8419999999999916,2.125
2024-08-09 16:15:00,0.6600000000000072,2.0
2024-08-09 16:30:00,0.030999999999998806,2.0
2024-08-09 16:45:00,0.3629999999999889,2.375
2024-08-09 17:00:00,0.41700000000000514,2.25
2024-08-09 17:15:00,0.5370000000000097,2.0
2024-08-09 17:30:00,0.34399999999999764,2.0
2024-08-09 17:45:00,0.5439999999999934,1.75
2024-08-09 18:00:00,0.779500000000013,2.125
2024-08-09 18:15:00,0.22299999999999542,2.875
2024-08-09 18:30:00,0.6644999999999968,2.5625
2024-08-09 18:45:00,1.4029999999999987,2.125
2024-08-09 19:00:00,1.6350000000000087,2.125
2024-08-09 19:15:00,0.5365000000000109,2.125
2024-08-09 19:30:00,0.7709999999999972,3.0625
2024-08-09 19:45:00,0.3485000000000049,3.75
2024-08-09 20:00:00,0.3340000000000032,3.5
2024-08-09 20:15:00,0.3049999999999997,2.5
2024-08-09 20:30:00,0.0,1.75
2024-08-09 20:45:00,0.07699999999999818,2.25
2024-08-09 21:00:00,0.7089999999999996,2.875
2024-08-09 21:15:00,0.029749999999992838,4.25
2024-08-09 21:30:00,0.5564999999999998,5.375
2024-08-09 21:45:00,0.6162500000000115,5.375
2024-08-09 22:00:00,0.13949999999999463,4.0625
2024-08-09 22:15:00,0.13799999999999812,3.0625
2024-08-09 22:30:00,,
2024-08-09 22:45:00,,
2024-08-09 23:00:00,,
2024-08-09 23:15:00,,
2024-08-09 23:30:00,,
2024-08-09 23:45:00,,
2024-08-10 00:00:00,,
2024-08-10 00:15:00,,
2024-08-10 00:30:00,,
2024-08-10 00:45:00,,
2024-08-10 01:00:00,,
2024-08-10 01:15:00,,
2024-08-10 01:30:00,,
2024-08-10 01:45:00,,
2024-08-10 02:00:00,,
2024-08-10 02:15:00,,
2024-08-10 02:30:00,,
2024-08-10 02:45:00,,
2024-08-10 03:00:00,,
2024-08-10 03:15:00,,
2024-08-10 03:30:00,,
2024-08-10 03:45:00,,
2024-08-10 04:00:00,,
2024-08-10 04:15:00,,
2024-08-10 04:30:00,0.045000000000001705,0.375
2024-08-10 04:45:00,0.09399999999999409,0.125
2024-08-10 05:00:00,0.0,0.125
2024-08-10 05:15:00,0.0,0.0625
2024-08-10 05:30:00,0.0,0.0
2024-08-10 05:45:00,0.0,0.0
2024-08-10 06:00:00,0.0,0.0625
2024-08-10 06:15:00,0.2090000000000103,0.6875
2024-08-10 06:30:00,0.039999999999995595,0.6875
2024-08-10 06:45:00,0.0,0.6875
2024-08-10 07:00:00,0.0,0.6875
2024-08-10 07:15:00,0.12800000000000367,0.125
2024-08-10 07:30:00,0.1652499999999968,0.1875
2024-08-10 07:45:00,0.19600000000000506,0.25
2024-08-10 08:00:00,0.1440000000000019,0.3125
2024-08-10 08:15:00,0.13799999999999812,0.3125
2024-08-10 08:30:00,0.3500000000000014,0.3125
2024-08-10 08:45:00,0.7400000000000162,0.3125
2024-08-10 09:00:00,0.8657499999999985,0.3125
2024-08-10 09:15:00,1.097999999999999,0.375
2024-08-10 09:30:00,1.020999999999983,0.5
2024-08-10 09:45:00,0.9355000000000047,0.6875
2024-08-10 10:00:00,0.801999999999996,0.8125
2024-08-10 10:15:00,1.262249999999998,0.9375
2024-08-10 10:30:00,0.6060000000000088,0.875
2024-08-10 10:45:00,0.8719999999999928,0.6875
2024-08-10 11:00:00,0.9939999999999927,0.5
2024-08-10 11:15:00,0.7949999999999946,0.625
2024-08-10 11:30:00,1.1739999999999995,0.5625
2024-08-10 11:45:00,0.7450000000000045,0.6875
2024-08-10 12:00:00,0.5457499999999982,0.875
2024-08-10 12:15:00,2.193000000000005,0.5625
2024-08-10 12:30:00,0.7247499999999896,0.5625
2024-08-10 12:45:00,0.7729999999999926,0.5
2024-08-10 13:00:00,0.7110000000000127,0.4375
2024-08-10 13:15:00,1.1349999999999838,0.75
2024-08-10 13:30:00,1.659000000000006,0.9375
2024-08-10 13:45:00,1.7530000000000001,0.875
2024-08-10 14:00:00,0.7510000000000083,0.75
2024-08-10 14:15:00,1.3349999999999973,0.5
2024-08-10 14:30:00,1.0909999999999975,0.3125
2024-08-10 14:45:00,0.7620000000000005,0.4375
2024-08-10 15:00:00,0.8490000000000109,0.625
2024-08-10 15:15:00,1.7510000000000048,0.625
2024-08-10 15:30:00,0.4559999999999853,0.9375
2024-08-10 15:45:00,0.40899999999998826,1.0
2024-08-10 16:00:00,1.1482499999999973,1.0
2024-08-10 16:15:00,2.342999999999993,1.25
2024-08-10 16:30:00,1.4087499999999942,1.5
2024-08-10 16:45:00,0.7169999999999987,2.25
2024-08-10 17:00:00,0.6170000000000009,2.5
2024-08-10 17:15:00,0.671999999999997,2.75
2024-08-10 17:30:00,0.9670000000000023,2.5
2024-08-10 17:45:00,0.3867499999999957,1.5625
2024-08-10 18:00:00,0.29299999999999216,1.125
2024-08-10 18:15:00,2.336000000000009,0.5625
2024-08-10 18:30:00,0.47000000000000597,1.1875
2024-08-10 18:45:00,0.5259999999999998,2.125
2024-08-10 19:00:00,0.9820000000000029,2.6875
2024-08-10 19:15:00,0.4940000000000033,3.375
2024-08-10 19:30:00,0.13700000000000045,3.125
2024-08-10 19:45:00,0.33200000000000784,3.5
2024-08-10 20:00:00,0.2459999999999951,4.25
2024-08-10 20:15:00,0.10999999999999233,3.875
2024-08-10 20:30:00,0.1737500000000125,4.125
2024-08-10 20:45:00,0.15499999999999403,4.0
2024-08-10 21:00:00,0.338750000000001,3.875
2024-08-10 21:15:00,0.3012499999999996,4.75
2024-08-10 21:30:00,0.45700000000000074,5.125
2024-08-10 21:45:00,0.3170000000000073,5.25
2024-08-10 22:00:00,0.3200000000000003,5.375
2024-08-10 22:15:00,0.16000000000000014,5.375
2024-08-10 22:30:00,,
2024-08-10 22:45:00,,
2024-08-10 23:00:00,,
2024-08-10 23:15:00,,
2024-08-10 23:30:00,,
2024-08-10 23:45:00,,
2024-08-11 00:00:00,,
2024-08-11 00:15:00,,
2024-08-11 00:30:00,,
2024-08-11 00:45:00,,
2024-08-11 01:00:00,,
2024-08-11 01:15:00,,
2024-08-11 01:30:00,,
2024-08-11 01:45:00,,
2024-08-11 02:00:00,,
2024-08-11 02:15:00,,
2024-08-11 02:30:00,,
2024-08-11 02:45:00,,
2024-08-11 03:00:00,,
2024-08-11 03:15:00,,
2024-08-11 03:30:00,,
2024-08-11 03:45:00,,
2024-08-11 04:00:00,,
2024-08-11 04:15:00,,
2024-08-11 04:30:00,0.0,0.0625
2024-08-11 04:45:00,0.0,0.0625
2024-08-11 05:00:00,0.0,0.0
2024-08-11 05:15:00,0.0,0.0
2024-08-11 05:30:00,0.0,0.0
2024-08-11 05:45:00,0.0,0.0625
2024-08-11 06:00:00,0.038000000000000256,0.125
2024-08-11 06:15:00,0.10899999999999466,0.125
2024-08-11 06:30:00,0.0,0.1875
2024-08-11 06:45:00,0.01300000000000523,0.1875
2024-08-11 07:00:00,0.21749999999999048,0.1875
2024-08-11 07:15:00,0.04424999999999457,0.9375
2024-08-11 07:30:00,0.0837500000000091,1.875
2024-08-11 07:45:00,0.0009999999999976694,1.875
2024-08-11 08:00:00,0.2507499999999929,1.875
2024-08-11 08:15:00,0.5890000000000128,1.1875
2024-08-11 08:30:00,0.37174999999999514,0.375
2024-08-11 08:45:00,0.46499999999999986,0.4375
2024-08-11 09:00:00,1.3684999999999903,0.4375
2024-08-11 09:15:00,1.326249999999991,0.625
2024-08-11 09:30:00,1.1469999999999914,0.5
2024-08-11 09:45:00,0.6612499999999955,0.4375
2024-08-11 10:00:00,0.7292499999999968,0.4375
2024-08-11 10:15:00,0.5177500000000101,1.1875
2024-08-11 10:30:00,0.21000000000000796,1.1875
2024-08-11 10:45:00,2.429749999999995,1.1875
2024-08-11 11:00:00,1.58199999999999,1.25
2024-08-11 11:15:00,0.5350000000000144,0.4375
2024-08-11 11:30:00,1.059000000000001,0.5625
2024-08-11 11:45:00,0.37474999999998815,0.625
2024-08-11 12:00:00,0.7929999999999993,0.6875
2024-08-11 12:15:00,2.0370000000000132,0.5625
2024-08-11 12:30:00,0.44200000000000017,0.4375
2024-08-11 12:45:00,0.8830000000000027,0.5
2024-08-11 13:00:00,1.2740000000000151,0.4375
2024-08-11 13:15:00,0.5489999999999995,0.5
2024-08-11 13:30:00,0.8230000000000004,1.1875
2024-08-11 13:45:00,0.11699999999999378,1.1875
2024-08-11 14:00:00,1.7440000000000033,1.3125
2024-08-11 14:15:00,0.9830000000000005,1.5625
2024-08-11 14:30:00,0.6649999999999956,1.0
2024-08-11 14:45:00,1.208000000000009,1.1875
2024-08-11 15:00:00,1.0820000000000007,1.3125
2024-08-11 15:15:00,0.8404999999999951,1.4375
2024-08-11 15:30:00,0.0990000000000002,1.75
2024-08-11 15:45:00,0.37349999999999994,1.875
2024-08-11 16:00:00,0.19099999999999895,2.5
2024-08-11 16:15:00,0.23099999999999454,2.75
2024-08-11 16:30:00,0.49549999999999983,3.0
2024-08-11 16:45:00,0.5032500000000084,3.125
2024-08-11 17:00:00,0.25724999999999554,3.375
2024-08-11 17:15:00,0.12749999999998707,3.625
2024-08-11 17:30:00,0.12399999999999523,3.625
2024-08-11 17:45:00,0.18975000000001074,4.0
2024-08-11 18:00:00,0.4982500000000023,3.75
2024-08-11 18:15:00,0.495000000000001,3.5
2024-08-11 18:30:00,0.17699999999999605,4.125
2024-08-11 18:45:00,0.4899999999999949,4.5
2024-08-11 19:00:00,0.2099999999999902,4.5
2024-08-11 19:15:00,0.2134999999999998,4.75
2024-08-11 19:30:00,0.40124999999999744,4.625
2024-08-11 19:45:00,0.182500000000001,4.5
2024-08-11 20:00:00,0.41700000000000514,4.875
2024-08-11 20:15:00,0.44299999999999784,5.25
2024-08-11 20:30:00,0.39400000000000546,5.375
2024-08-11 20:45:00,0.24700000000001054,5.5
2024-08-11 21:00:00,0.19700000000000273,4.125
2024-08-11 21:15:00,0.0,2.75
2024-08-11 21:30:00,0.0,1.4375
2024-08-11 21:45:00,0.09199999999999875,0.25
2024-08-11 22:00:00,0.04700000000001481,1.625
2024-08-11 22:15:00,0.05499999999999616,1.625
2024-08-11 22:30:00,,
2024-08-11 22:45:00,,
2024-08-11 23:00:00,,
2024-08-11 23:15:00,,
2024-08-11 23:30:00,,
2024-08-11 23:45:00,,
2024-08-12 00:00:00,,
2024-08-12 00:15:00,,
2024-08-12 00:30:00,,
2024-08-12 00:45:00,,
2024-08-12 01:00:00,,
2024-08-12 01:15:00,,
2024-08-12 01:30:00,,
2024-08-12 01:45:00,,
2024-08-12 02:00:00,,
2024-08-12 02:15:00,,
2024-08-12 02:30:00,,
2024-08-12 02:45:00,,
2024-08-12 03:00:00,,
2024-08-12 03:15:00,,
2024-08-12 03:30:00,,
2024-08-12 03:45:00,,
2024-08-12 04:00:00,,
2024-08-12 04:15:00,,
2024-08-12 04:30:00,0.0,0.0
2024-08-12 04:45:00,0.0,0.0
2024-08-12 05:00:00,0.0,0.0
2024-08-12 05:15:00,0.0,0.0
2024-08-12 05:30:00,0.0,0.0
2024-08-12 05:45:00,0.0,0.1875
2024-08-12 06:00:00,0.037000000000002586,0.1875
2024-08-12 06:15:00,0.0,0.25
2024-08-12 06:30:00,0.18499999999999517,0.3125
2024-08-12 06:45:00,0.24699999999999278,0.1875
2024-08-12 07:00:00,0.2430000000000021,0.375
2024-08-12 07:15:00,0.09550000000000836,0.5
2024-08-12 07:30:00,0.047999999999994714,0.5
2024-08-12 07:45:00,0.3200000000000003,0.5
2024-08-12 08:00:00,0.2510000000000012,0.5
2024-08-12 08:15:00,0.09700000000000486,0.375
2024-08-12 08:30:00,0.322749999999985,0.5625
2024-08-12 08:45:00,0.5004999999999882,0.5625
2024-08-12 09:00:00,0.8200000000000074,0.4375
2024-08-12 09:15:00,1.3030000000000008,0.4375
2024-08-12 09:30:00,1.290250000000004,0.375
2024-08-12 09:45:00,1.0740000000000016,0.5625
2024-08-12 10:00:00,0.8680000000000021,1.0
2024-08-12 10:15:00,0.17300000000000537,1.0625
2024-08-12 10:30:00,0.2940000000000076,0.9375
2024-08-12 10:45:00,0.8999999999999986,0.75
2024-08-12 11:00:00,2.1340000000000003,0.3125
2024-08-12 11:15:00,1.317250000000012,0.3125
2024-08-12 11:30:00,0.5330000000000013,0.375
2024-08-12 11:45:00,1.0737499999999933,0.4375
2024-08-12 12:00:00,1.402000000000001,0.4375
2024-08-12 12:15:00,1.2659999999999982,0.5
2024-08-12 12:30:00,2.317,0.5625
2024-08-12 12:45:00,2.469999999999999,0.5625
2024-08-12 13:00:00,0.41499999999999204,0.75
2024-08-12 13:15:00,1.286000000000005,0.75
2024-08-12 13:45:00,2.0289999999999964,0.75
2024-08-12 14:00:00,2.370000000000001,0.6875
2024-08-12 14:15:00,0.26799999999999713,0.6875
2024-08-12 14:30:00,0.6959999999999944,0.75
2024-08-12 14:45:00,2.7949999999999875,0.9375
2024-08-12 15:00:00,0.5310000000000059,1.25
2024-08-12 15:15:00,0.259999999999998,1.25
2024-08-12 15:30:00,0.31200000000000117,2.25
2024-08-12 15:45:00,0.23500000000000298,2.25
2024-08-12 16:00:00,2.231999999999985,2.25
2024-08-12 16:15:00,1.098750000000006,2.5
2024-08-12 16:30:00,0.30075000000000074,1.75
2024-08-12 16:45:00,0.9885000000000055,2.375
2024-08-12 17:00:00,0.3229999999999933,2.75
2024-08-12 17:15:00,0.6360000000000099,3.0
2024-08-12 17:30:00,0.7019999999999982,3.25
2024-08-12 17:45:00,0.23899999999999366,2.75
2024-08-12 18:00:00,0.1529999999999987,2.625
2024-08-12 18:15:00,0.1810000000000045,2.875
2024-08-12 18:30:00,0.48500000000000654,3.125
2024-08-12 18:45:00,0.4439999999999955,4.0
2024-08-12 19:00:00,0.3279999999999994,4.75
2024-08-12 19:15:00,0.2919999999999945,3.75
2024-08-12 19:30:00,0.0,3.75
2024-08-12 19:45:00,0.12299999999999756,3.75
2024-08-12 20:00:00,0.16600000000000392,3.625
2024-08-12 20:15:00,0.129999999999999,4.875
2024-08-12 20:30:00,0.10799999999999699,5.25
2024-08-12 20:45:00,0.48199999999999577,5.25
2024-08-12 21:00:00,0.47399999999999665,4.375
2024-08-12 21:15:00,0.004000000000008441,3.125
2024-08-12 21:30:00,0.0,1.75
2024-08-12 21:45:00,0.0,0.375
2024-08-12 22:00:00,0.0,0.0
2024-08-12 22:15:00,0.0,1.0
2024-08-12 22:30:00,,
2024-08-12 22:45:00,,
2024-08-12 23:00:00,,
2024-08-12 23:15:00,,
2024-08-12 23:30:00,,
2024-08-12 23:45:00,,
2024-08-13 00:00:00,,
2024-08-13 00:15:00,,
2024-08-13 00:30:00,,
2024-08-13 00:45:00,,
2024-08-13 01:00:00,,
2024-08-13 01:15:00,,
2024-08-13 01:30:00,,
2024-08-13 01:45:00,,
2024-08-13 02:00:00,,
2024-08-13 02:15:00,,
2024-08-13 02:30:00,,
2024-08-13 02:45:00,,
2024-08-13 03:00:00,,
2024-08-13 03:15:00,,
2024-08-13 03:30:00,,
2024-08-13 03:45:00,,
2024-08-13 04:00:00,,
2024-08-13 04:15:00,,
2024-08-13 04:30:00,0.0,0.0
2024-08-13 04:45:00,0.0,0.1875
2024-08-13 05:00:00,0.16899999999999693,0.1875
2024-08-13 05:15:00,0.0,0.1875
2024-08-13 05:30:00,0.0,0.1875
2024-08-13 05:45:00,0.0,0.0
2024-08-13 06:00:00,0.0,0.0
2024-08-13 06:15:00,0.0,0.0625
2024-08-13 06:30:00,0.044000000000004036,0.125
2024-08-13 06:45:00,0.016999999999995907,0.1875
2024-08-13 07:00:00,0.0709999999999944,0.375
2024-08-13 07:15:00,0.08100000000000662,0.4375
2024-08-13 07:30:00,0.05050000000000665,0.4375
2024-08-13 07:45:00,0.36900000000001043,0.5
2024-08-13 08:00:00,0.4504999999999981,0.375
2024-08-13 08:15:00,0.48774999999999125,0.3125
2024-08-13 08:30:00,0.15799999999998704,0.625
2024-08-13 08:45:00,0.1962499999999956,0.5625
2024-08-13 09:00:00,0.45300000000001006,0.5625
2024-08-13 09:15:00,0.8702500000000057,0.5625
2024-08-13 09:30:00,1.2679999999999936,0.25
2024-08-13 09:45:00,1.3719999999999999,0.3125
2024-08-13 10:00:00,0.9060000000000024,0.375
2024-08-13 10:15:00,0.8000000000000007,0.375
2024-08-13 10:30:00,1.1877500000000119,0.375
2024-08-13 10:45:00,0.8460000000000001,0.3125
2024-08-13 11:00:00,0.9399999999999942,0.25
2024-08-13 11:15:00,0.38899999999999935,0.3125
2024-08-13 11:30:00,0.5077499999999979,0.375
2024-08-13 11:45:00,1.4259999999999984,0.5625
2024-08-13 12:00:00,1.5809999999999924,0.875
2024-08-13 12:15:00,0.8479999999999954,0.8125
2024-08-13 12:30:00,3.689,0.8125
2024-08-13 12:45:00,1.3690000000000069,0.6875
2024-08-13 13:00:00,2.2170000000000023,0.5
2024-08-13 13:15:00,1.6300000000000026,0.5625
2024-08-13 13:30:00,0.21900000000000475,0.6875
2024-08-13 13:45:00,0.6282500000000013,0.75
2024-08-13 14:00:00,2.471999999999994,0.8125
2024-08-13 14:15:00,2.7307499999999862,1.1875
2024-08-13 14:30:00,0.5940000000000012,1.6875
2024-08-13 14:45:00,0.19700000000000273,1.5625
2024-08-13 15:00:00,0.2459999999999951,1.5625
2024-08-13 15:15:00,0.671999999999997,1.3125
2024-08-13 15:30:00,1.8399999999999928,0.8125
2024-08-13 15:45:00,0.9830000000000005,1.125
2024-08-13 16:00:00,0.17699999999999605,1.25
2024-08-13 16:15:00,0.7499999999999929,1.375
2024-08-13 16:30:00,0.8050000000000068,1.875
2024-08-13 16:45:00,0.28700000000000614,1.875
2024-08-13 17:00:00,1.006999999999998,1.875
2024-08-13 17:15:00,0.8759999999999835,2.5
2024-08-13 17:30:00,0.3309999999999924,2.5
2024-08-13 17:45:00,0.5300000000000082,2.875
2024-08-13 18:00:00,0.45099999999999696,3.0
2024-08-13 18:15:00,0.21000000000000796,2.625
2024-08-13 18:30:00,0.3960000000000008,2.5
2024-08-13 18:45:00,0.3149999999999942,2.75
2024-08-13 19:00:00,0.39199999999999235,2.3125
2024-08-13 19:15:00,0.28700000000000614,2.9375
2024-08-13 19:30:00,0.11699999999999378,3.3125
2024-08-13 19:45:00,0.3250000000000064,3.0625
2024-08-13 20:00:00,0.4720000000000013,4.25
2024-08-13 20:15:00,0.35400000000000986,4.25
2024-08-13 20:30:00,1.0220000000000162,4.625
2024-08-13 20:45:00,0.15000000000000568,5.25
2024-08-13 21:00:00,0.08999999999998565,5.375
2024-08-13 21:15:00,0.35299999999999443,5.5
2024-08-13 21:30:00,0.36000000000001364,5.375
2024-08-13 21:45:00,0.32700000000000173,5.25
2024-08-13 22:00:00,0.7102500000000056,5.25
2024-08-13 22:15:00,0.5129999999999946,5.25
2024-08-13 22:30:00,,
2024-08-13 22:45:00,,
2024-08-13 23:00:00,,
2024-08-13 23:15:00,,
2024-08-13 23:30:00,,
2024-08-13 23:45:00,,
2024-08-14 00:00:00,,
2024-08-14 00:15:00,,
2024-08-14 00:30:00,,
2024-08-14 00:45:00,,
2024-08-14 01:00:00,,
2024-08-14 01:15:00,,
2024-08-14 01:30:00,,
2024-08-14 01:45:00,,
2024-08-14 02:00:00,,
2024-08-14 02:15:00,,
2024-08-14 02:30:00,,
2024-08-14 02:45:00,,
2024-08-14 03:00:00,,
2024-08-14 03:15:00,,
2024-08-14 03:30:00,,
2024-08-14 03:45:00,,
2024-08-14 04:00:00,,
2024-08-14 04:15:00,,
2024-08-14 04:30:00,0.0,2.0
2024-08-14 04:45:00,0.02700000000000813,1.0
2024-08-14 05:00:00,0.0,1.0
2024-08-14 05:15:00,0.0,1.0
2024-08-14 05:30:00,0.0,0.0
2024-08-14 05:45:00,0.0,0.0625
2024-08-14 06:00:00,0.031999999999996476,0.125
2024-08-14 06:15:00,0.0840000000000174,0.125
2024-08-14 06:30:00,0.0,0.1875
2024-08-14 06:45:00,0.06874999999999076,0.1875
2024-08-14 07:00:00,0.3122499999999917,0.125
2024-08-14 07:15:00,0.0,0.25
2024-08-14 07:30:00,0.008999999999996788,0.25
2024-08-14 07:45:00,0.17699999999999605,0.25
2024-08-14 08:00:00,0.2510000000000012,0.3125
2024-08-14 08:15:00,0.35775000000001,0.25
2024-08-14 08:30:00,0.5990000000000073,0.25
2024-08-14 08:45:00,0.676249999999996,0.25
2024-08-14 09:00:00,0.5657499999999871,0.3125
2024-08-14 09:15:00,0.38049999999998363,0.375
2024-08-14 09:30:00,0.8994999999999997,0.375
2024-08-14 09:45:00,0.8300000000000018,0.375
2024-08-14 10:00:00,0.7649999999999935,0.4375
2024-08-14 10:15:00,0.8827500000000121,0.5625
2024-08-14 10:30:00,1.024250000000002,0.75
2024-08-14 10:45:00,0.8627499999999877,0.875
2024-08-14 11:00:00,0.8259999999999934,0.9375
2024-08-14 11:15:00,0.7940000000000147,0.75
2024-08-14 11:30:00,0.6380000000000052,0.5625
2024-08-14 11:45:00,1.0219999999999985,0.4375
2024-08-14 12:00:00,0.6129999999999924,0.4375
2024-08-14 12:15:00,1.2299999999999933,0.4375
2024-08-14 12:30:00,0.7420000000000115,0.5625
2024-08-14 12:45:00,0.49000000000001265,0.75
2024-08-14 13:00:00,2.732500000000009,0.75
2024-08-14 13:15:00,2.5742500000000135,0.875
2024-08-14 13:30:00,1.0262499999999974,0.875
2024-08-14 13:45:00,0.9385000000000154,0.875
2024-08-14 14:00:00,0.6677499999999981,1.0
2024-08-14 14:15:00,0.9110000000000085,1.5625
2024-08-14 14:30:00,0.2069999999999972,2.0
2024-08-14 14:45:00,0.5530000000000079,2.125
2024-08-14 15:00:00,0.5669999999999931,2.125
2024-08-14 15:15:00,0.8360000000000056,1.75
2024-08-14 15:30:00,1.1940000000000062,1.75
2024-08-14 15:45:00,0.5039999999999978,1.875
2024-08-14 16:00:00,0.7269999999999932,1.875
2024-08-14 16:15:00,1.7190000000000083,2.5
2024-08-14 16:30:00,0.11999999999998678,2.5
2024-08-14 16:45:00,0.31299999999999883,2.625
2024-08-14 17:00:00,0.42799999999999727,2.875
2024-08-14 17:15:00,0.6180000000000163,2.5
2024-08-14 17:30:00,0.597000000000012,2.875
2024-08-14 17:45:00,0.2650000000000041,3.25
2024-08-14 18:00:00,1.0190000000000055,3.375
2024-08-14 18:15:00,0.18599999999999284,3.5
2024-08-14 18:30:00,0.17099999999999227,3.25
2024-08-14 18:45:00,0.47900000000000276,3.5
2024-08-14 19:00:00,0.029000000000003467,3.75
2024-08-14 19:15:00,0.7340000000000124,4.0
2024-08-14 19:30:00,0.9110000000000085,4.25
2024-08-14 19:45:00,0.20299999999998875,3.1875
2024-08-14 20:00:00,0.13099999999999667,3.4375
2024-08-14 20:15:00,0.11100000000000776,3.6875
2024-08-14 20:30:00,0.23000000000001464,3.9375
2024-08-14 20:45:00,0.19099999999999895,5.125
2024-08-14 21:00:00,0.22299999999999542,5.25
2024-08-14 21:15:00,0.43900000000000716,5.25
2024-08-14 21:30:00,0.2999999999999936,4.0625
2024-08-14 21:45:00,0.42600000000000193,4.0625
2024-08-14 22:00:00,0.5219999999999914,4.0625
2024-08-14 22:15:00,0.4150000000000098,3.0625
2024-08-14 22:30:00,,
2024-08-14 22:45:00,,
2024-08-14 23:00:00,,
2024-08-14 23:15:00,,
2024-08-14 23:30:00,,
2024-08-14 23:45:00,,
2024-08-15 00:00:00,,
2024-08-15 00:15:00,,
2024-08-15 00:30:00,,
2024-08-15 00:45:00,,
2024-08-15 01:00:00,,
2024-08-15 01:15:00,,
2024-08-15 01:30:00,,
2024-08-15 01:45:00,,
2024-08-15 02:00:00,,
2024-08-15 02:15:00,,
2024-08-15 02:30:00,,
2024-08-15 02:45:00,,
2024-08-15 03:00:00,,
2024-08-15 03:15:00,,
2024-08-15 03:30:00,,
2024-08-15 03:45:00,,
2024-08-15 04:00:00,,
2024-08-15 04:15:00,,
2024-08-15 04:30:00,0.0,0.0
2024-08-15 04:45:00,0.0,0.0
2024-08-15 05:00:00,0.0,0.1875
2024-08-15 05:15:00,0.13100000000001444,0.1875
2024-08-15 05:30:00,0.0,0.1875
2024-08-15 05:45:00,0.0,0.1875
2024-08-15 06:00:00,0.0,0.0625
2024-08-15 06:15:00,0.20599999999999952,0.125
2024-08-15 06:30:00,0.11899999999998911,0.1875
2024-08-15 06:45:00,0.06800000000000139,0.25
2024-08-15 07:00:00,0.18200000000000216,0.25
2024-08-15 07:15:00,0.23500000000000298,0.25
2024-08-15 07:30:00,0.4219999999999935,0.3125
2024-08-15 07:45:00,0.387000000000004,0.3125
2024-08-15 08:00:00,0.45400000000000773,0.3125
2024-08-15 08:15:00,0.49475000000001046,0.375
2024-08-15 08:30:00,0.2930000000000099,0.375
2024-08-15 08:45:00,0.19124999999998948,0.5625
2024-08-15 09:00:00,0.348999999999986,0.75
2024-08-15 09:15:00,0.625,0.6875
2024-08-15 09:30:00,0.3420000000000023,0.9375
2024-08-15 09:45:00,0.4910000000000103,0.8125
2024-08-15 10:00:00,0.8669999999999867,0.625
2024-08-15 10:15:00,0.6630000000000003,0.8125
2024-08-15 10:30:00,0.8099999999999952,0.6875
2024-08-15 10:45:00,0.602999999999998,0.625
2024-08-15 11:00:00,0.5320000000000036,0.9375
2024-08-15 11:15:00,1.3470000000000049,0.75
2024-08-15 11:30:00,0.8050000000000068,1.0
2024-08-15 11:45:00,0.7547499999999907,1.4375
2024-08-15 12:00:00,0.752000000000006,2.0625
2024-08-15 12:15:00,0.3200000000000003,2.0625
2024-08-15 12:30:00,0.3049999999999997,1.625
2024-08-15 12:45:00,0.9825000000000017,1.25
2024-08-15 13:00:00,2.003250000000012,0.3125
2024-08-15 13:15:00,1.0182499999999983,0.3125
2024-08-15 13:30:00,0.7872500000000038,0.4375
2024-08-15 13:45:00,1.8979999999999997,0.5
2024-08-15 14:00:00,2.3709999999999987,0.8125
2024-08-15 14:15:00,1.23899999999999,0.9375
2024-08-15 14:30:00,0.965000000000007,0.8125
2024-08-15 14:45:00,2.0860000000000056,1.0
2024-08-15 15:00:00,1.0820000000000007,0.875
2024-08-15 15:15:00,0.7970000000000077,0.9375
2024-08-15 15:30:00,1.0599999999999987,1.25
2024-08-15 15:45:00,0.6510000000000105,1.375
2024-08-15 16:00:00,0.09299999999999642,1.5
2024-08-15 16:15:00,0.5279999999999951,1.625
2024-08-15 16:30:00,1.1270000000000024,1.875
2024-08-15 16:45:00,0.2940000000000076,2.0
2024-08-15 17:00:00,0.33500000000000085,2.125
2024-08-15 17:15:00,0.4579999999999984,2.75
2024-08-15 17:30:00,0.15100000000000335,2.625
2024-08-15 17:45:00,0.7230000000000025,2.5
2024-08-15 18:00:00,1.2219999999999942,3.0
2024-08-15 18:15:00,0.2620000000000111,2.625
2024-08-15 18:30:00,0.13199999999999434,3.125
2024-08-15 18:45:00,0.11099999999999,3.25
2024-08-15 19:00:00,0.23400000000000531,2.875
2024-08-15 19:15:00,0.13500000000000512,3.625
2024-08-15 19:30:00,0.008999999999996788,3.625
2024-08-15 19:45:00,0.257000000000005,4.0
2024-08-15 20:00:00,0.27300000000000324,4.625
2024-08-15 20:15:00,0.519999999999996,4.5
2024-08-15 20:30:00,0.42799999999999727,4.5
2024-08-15 20:45:00,0.2689999999999948,4.75
2024-08-15 21:00:00,0.4070000000000107,4.875
2024-08-15 21:15:00,0.20400000000000418,4.875
2024-08-15 21:30:00,0.11799999999999145,5.125
2024-08-15 21:45:00,0.625,5.25
2024-08-15 22:00:00,0.42399999999998883,5.25
2024-08-15 22:15:00,0.9950000000000081,5.375
2024-08-15 22:30:00,,
2024-08-15 22:45:00,,
2024-08-15 23:00:00,,
2024-08-15 23:15:00,,
2024-08-15 23:30:00,,
2024-08-15 23:45:00,,
2024-08-16 00:00:00,,
2024-08-16 00:15:00,,
2024-08-16 00:30:00,,
2024-08-16 00:45:00,,
2024-08-16 01:00:00,,
2024-08-16 01:15:00,,
2024-08-16 01:30:00,,
2024-08-16 01:45:00,,
2024-08-16 02:00:00,,
2024-08-16 02:15:00,,
2024-08-16 02:30:00,,
2024-08-16 02:45:00,,
2024-08-16 03:00:00,,
2024-08-16 03:15:00,,
2024-08-16 03:30:00,,
2024-08-16 03:45:00,,
2024-08-16 04:00:00,,
2024-08-16 04:15:00,,
2024-08-16 04:30:00,0.0,0.5
2024-08-16 04:45:00,0.0,0.0
2024-08-16 05:00:00,0.0,1.0
2024-08-16 05:15:00,0.017999999999993577,2.25
2024-08-16 05:30:00,0.07999999999999119,2.25
2024-08-16 05:45:00,0.0,2.3125
2024-08-16 06:00:00,0.08300000000000196,1.375
2024-08-16 06:15:00,0.11200000000000543,0.1875
2024-08-16 06:30:00,0.05824999999999747,0.25
2024-08-16 06:45:00,0.04999999999999005,1.4375
2024-08-16 07:00:00,0.03450000000000841,1.4375
2024-08-16 07:15:00,0.1652499999999968,1.5
2024-08-16 07:30:00,0.18324999999999037,1.5625
2024-08-16 07:45:00,0.2224999999999966,0.375
2024-08-16 08:00:00,1.0612500000000047,0.375
2024-08-16 08:15:00,1.1289999999999978,0.3125
2024-08-16 08:30:00,0.7969999999999899,0.25
2024-08-16 08:45:00,0.38000000000000256,0.5625
2024-08-16 09:00:00,0.3112500000000118,0.5625
2024-08-16 09:15:00,0.9350000000000058,0.625
2024-08-16 09:30:00,0.588249999999988,0.625
2024-08-16 09:45:00,0.3712499999999963,0.3125
2024-08-16 10:00:00,1.0110000000000063,0.3125
2024-08-16 10:15:00,1.8477500000000013,0.25
2024-08-16 10:30:00,1.2922499999999992,0.375
2024-08-16 10:45:00,1.2204999999999977,0.4375
2024-08-16 11:00:00,1.1167499999999997,0.4375
2024-08-16 11:15:00,0.7952500000000029,0.5625
2024-08-16 11:30:00,0.7430000000000092,0.5625
2024-08-16 11:45:00,1.5370000000000061,0.625
2024-08-16 12:00:00,1.852999999999998,0.8125
2024-08-16 12:15:00,1.8009999999999948,0.875
2024-08-16 12:30:00,0.4839999999999911,1.0625
2024-08-16 12:45:00,0.38699999999998624,1.125
2024-08-16 13:00:00,1.2070000000000114,1.0625
2024-08-16 13:15:00,0.9869999999999912,1.0
2024-08-16 13:30:00,2.4460000000000015,0.8125
2024-08-16 13:45:00,1.191500000000012,0.8125
2024-08-16 14:00:00,1.9019999999999904,1.0
2024-08-16 14:15:00,1.2455000000000105,1.1875
2024-08-16 14:30:00,1.2410000000000032,1.1875
2024-08-16 14:45:00,1.7430000000000057,1.0
2024-08-16 15:00:00,0.8455000000000013,0.875
2024-08-16 15:15:00,1.3614999999999888,1.0
2024-08-16 15:30:00,0.6395000000000017,1.4375
2024-08-16 15:45:00,0.35075000000000855,2.0
2024-08-16 16:00:00,0.15400000000001413,2.125
2024-08-16 16:15:00,0.4129999999999967,2.0
2024-08-16 16:30:00,0.5979999999999919,1.75
2024-08-16 16:45:00,0.33500000000000085,1.5
2024-08-16 17:00:00,0.4219999999999935,1.75
2024-08-16 17:15:00,0.3279999999999994,2.125
2024-08-16 17:30:00,0.3059999999999974,2.5
2024-08-16 17:45:00,0.4010000000000069,2.625
2024-08-16 18:00:00,0.7719999999999949,3.0
2024-08-16 18:15:00,0.3599999999999959,3.25
2024-08-16 18:30:00,0.30000000000001137,3.125
2024-08-16 18:45:00,0.39599999999998303,3.375
2024-08-16 19:00:00,0.19099999999999895,3.375
2024-08-16 19:15:00,0.07200000000000983,3.375
2024-08-16 19:30:00,0.630999999999986,3.75
2024-08-16 19:45:00,1.136999999999997,4.0
2024-08-16 20:00:00,0.4630000000000045,3.0
2024-08-16 20:15:00,0.0,3.25
2024-08-16 20:30:00,0.1750000000000007,3.5
2024-08-16 20:45:00,0.1419999999999888,3.875
2024-08-16 21:00:00,0.001999999999995339,4.875
2024-08-16 21:15:00,0.6730000000000125,4.875
2024-08-16 21:30:00,0.4747500000000038,4.875
2024-08-16 21:45:00,0.3569999999999851,4.75
2024-08-16 22:00:00,0.308250000000001,5.0
2024-08-16 22:15:00,0.07600000000000051,5.125
2024-08-16 22:30:00,,
2024-08-16 22:45:00,,
2024-08-16 23:00:00,,
2024-08-16 23:15:00,,
2024-08-16 23:30:00,,
2024-08-16 23:45:00,,
2024-08-17 00:00:00,,
2024-08-17 00:15:00,,
2024-08-17 00:30:00,,
2024-08-17 00:45:00,,
2024-08-17 01:00:00,,
2024-08-17 01:15:00,,
2024-08-17 01:30:00,,
2024-08-17 01:45:00,,
2024-08-17 02:00:00,,
2024-08-17 02:15:00,,
2024-08-17 02:30:00,,
2024-08-17 02:45:00,,
2024-08-17 03:00:00,,
2024-08-17 03:15:00,,
2024-08-17 03:30:00,,
2024-08-17 03:45:00,,
2024-08-17 04:00:00,,
2024-08-17 04:15:00,,
2024-08-17 04:30:00,0.0,1.375
2024-08-17 04:45:00,0.0,0.0
2024-08-17 05:00:00,0.0,0.0
2024-08-17 05:15:00,0.0,0.5
2024-08-17 05:30:00,0.001999999999995339,0.5
2024-08-17 05:45:00,0.0,0.5
2024-08-17 06:00:00,0.0,0.5625
2024-08-17 06:15:00,0.02700000000000813,0.3125
2024-08-17 06:30:00,0.022999999999999687,0.5625
2024-08-17 06:45:00,0.129999999999999,0.5625
2024-08-17 07:00:00,0.0,1.0
2024-08-17 07:15:00,0.015999999999998238,0.8125
2024-08-17 07:30:00,0.1690000000000147,0.625
2024-08-17 07:45:00,0.16000000000000014,0.6875
2024-08-17 08:00:00,0.3589999999999982,0.25
2024-08-17 08:15:00,0.5519999999999925,0.25
2024-08-17 08:30:00,0.5319999999999858,0.3125
2024-08-17 08:45:00,0.4019999999999868,0.375
2024-08-17 09:00:00,0.3319999999999901,0.5625
2024-08-17 09:15:00,0.5429999999999957,0.6875
2024-08-17 09:30:00,0.40899999999998826,0.625
2024-08-17 09:45:00,0.46799999999999287,0.75
2024-08-17 10:00:00,0.6540000000000035,0.875
2024-08-17 10:15:00,0.6110000000000149,1.0625
2024-08-17 10:30:00,0.4190000000000005,1.375
2024-08-17 10:45:00,0.7379999999999853,1.5
2024-08-17 11:00:00,0.6115000000000137,1.1875
2024-08-17 11:15:00,0.28499999999999304,1.1875
2024-08-17 11:30:00,0.36749999999999616,1.0
2024-08-17 11:45:00,0.8550000000000146,0.75
2024-08-17 12:00:00,0.8050000000000068,0.8125
2024-08-17 12:15:00,1.0320000000000107,0.5
2024-08-17 12:30:00,0.49599999999999866,0.9375
2024-08-17 12:45:00,0.3700000000000081,1.8125
2024-08-17 13:00:00,0.8200000000000074,2.1875
2024-08-17 13:15:00,1.0989999999999966,2.5
2024-08-17 13:30:00,0.4300000000000104,2.875
2024-08-17 13:45:00,0.26100000000001344,2.875
2024-08-17 14:00:00,0.732999999999997,2.875
2024-08-17 14:15:00,0.8389999999999986,3.0
2024-08-17 14:30:00,0.539000000000005,2.5
2024-08-17 14:45:00,0.9229999999999983,2.125
2024-08-17 15:00:00,1.4810000000000123,2.125
2024-08-17 15:15:00,0.7640000000000136,2.125
2024-08-17 15:30:00,0.6819999999999915,2.375
2024-08-17 15:45:00,1.3830000000000098,3.125
2024-08-17 16:00:00,0.39699999999999847,3.625
2024-08-17 16:15:00,0.4659999999999975,3.875
2024-08-17 16:30:00,0.7319999999999993,3.1875
2024-08-17 16:45:00,1.1349999999999838,1.9375
2024-08-17 17:00:00,0.8589999999999876,1.1875
2024-08-17 17:15:00,0.7199999999999918,0.6875
2024-08-17 17:30:00,0.6569999999999965,0.6875
2024-08-17 17:45:00,0.3950000000000031,0.9375
2024-08-17 18:00:00,0.23600000000000065,1.6875
2024-08-17 18:15:00,0.18499999999999517,2.4375
2024-08-17 18:30:00,0.10399999999998855,2.875
2024-08-17 18:45:00,0.24900000000000588,3.0
2024-08-17 19:00:00,0.11700000000001154,3.0
2024-08-17 19:15:00,0.27200000000000557,3.0
2024-08-17 19:30:00,0.1529999999999987,2.5
2024-08-17 19:45:00,0.0,2.0
2024-08-17 20:00:00,0.0,2.0
2024-08-17 20:15:00,0.13700000000000045,2.0
2024-08-17 20:30:00,0.2120000000000033,3.0
2024-08-17 20:45:00,0.19899999999999807,4.0
2024-08-17 21:00:00,0.19999999999999574,4.25
2024-08-17 21:15:00,0.240999999999989,4.0
2024-08-17 21:30:00,0.10899999999999466,4.375
2024-08-17 21:45:00,0.018999999999991246,4.625
2024-08-17 22:00:00,0.35599999999998744,4.625
2024-08-17 22:15:00,0.46700000000001296,5.125
2024-08-17 22:30:00,,
2024-08-17 22:45:00,,
2024-08-17 23:00:00,,
2024-08-17 23:15:00,,
2024-08-17 23:30:00,,
2024-08-17 23:45:00,,
2024-08-18 00:00:00,,
2024-08-18 00:15:00,,
2024-08-18 00:30:00,,
2024-08-18 00:45:00,,
2024-08-18 01:00:00,,
2024-08-18 01:15:00,,
2024-08-18 01:30:00,,
2024-08-18 01:45:00,,
2024-08-18 02:00:00,,
2024-08-18 02:15:00,,
2024-08-18 02:30:00,,
2024-08-18 02:45:00,,
2024-08-18 03:00:00,,
2024-08-18 03:15:00,,
2024-08-18 03:30:00,,
2024-08-18 03:45:00,,
2024-08-18 04:00:00,,
2024-08-18 04:15:00,,
2024-08-18 04:30:00,0.0029999999999930083,0.0625
2024-08-18 04:45:00,0.0,0.0625
2024-08-18 05:00:00,0.0,0.0625
2024-08-18 05:15:00,0.0,0.0
2024-08-18 05:30:00,0.0,0.0
2024-08-18 05:45:00,0.0,0.0
2024-08-18 06:00:00,0.0,1.25
2024-08-18 06:15:00,0.01200000000000756,1.3125
2024-08-18 06:30:00,0.13999999999999346,1.375
2024-08-18 06:45:00,0.11400000000000077,1.5
2024-08-18 07:00:00,0.08200000000000429,0.4375
2024-08-18 07:15:00,0.08200000000000429,0.4375
2024-08-18 07:30:00,0.12800000000000367,0.4375
2024-08-18 07:45:00,0.22650000000000503,0.375
2024-08-18 08:00:00,0.33500000000000085,0.25
2024-08-18 08:15:00,0.3047499999999914,0.3125
2024-08-18 08:30:00,0.4779999999999873,0.4375
2024-08-18 08:45:00,0.5152499999999982,0.625
2024-08-18 09:00:00,0.5949999999999989,0.6875
2024-08-18 09:15:00,0.5700000000000038,0.6875
2024-08-18 09:30:00,0.5599999999999916,0.75
2024-08-18 09:45:00,0.7299999999999862,0.6875
2024-08-18 10:00:00,0.6879999999999953,0.625
2024-08-18 10:15:00,0.34099999999998687,0.75
2024-08-18 10:30:00,0.4870000000000019,0.75
2024-08-18 10:45:00,0.9239999999999959,0.8125
2024-08-18 11:00:00,0.757999999999992,0.8125
2024-08-18 11:15:00,0.5819999999999936,0.6875
2024-08-18 11:30:00,0.8270000000000088,0.5
2024-08-18 11:45:00,0.7800000000000118,0.4375
2024-08-18 12:00:00,0.6329999999999991,0.625
2024-08-18 12:15:00,1.2040000000000006,0.5625
2024-08-18 12:30:00,0.5899999999999928,0.5625
2024-08-18 12:45:00,0.4032499999999928,0.875
2024-08-18 13:00:00,0.37499999999999645,0.75
2024-08-18 13:15:00,0.5687499999999979,1.0625
2024-08-18 13:30:00,0.5389999999999873,2.0
2024-08-18 13:45:00,0.3640000000000043,1.875
2024-08-18 14:00:00,0.7730000000000103,1.875
2024-08-18 14:15:00,1.061999999999994,1.6875
2024-08-18 14:30:00,0.7940000000000147,0.875
2024-08-18 14:45:00,0.4839999999999911,0.75
2024-08-18 15:00:00,0.5849999999999866,0.875
2024-08-18 15:15:00,2.0449999999999946,0.75
2024-08-18 15:30:00,2.5070000000000014,0.625
2024-08-18 15:45:00,1.568000000000005,0.75
2024-08-18 16:00:00,1.0749999999999993,1.125
2024-08-18 16:15:00,0.519999999999996,1.4375
2024-08-18 16:30:00,0.18499999999999517,2.375
2024-08-18 16:45:00,0.24799999999999045,3.0
2024-08-18 17:00:00,0.2630000000000088,2.75
2024-08-18 17:15:00,1.2190000000000012,2.875
2024-08-18 17:30:00,0.8919999999999995,2.375
2024-08-18 17:45:00,0.7510000000000083,2.125
2024-08-18 18:00:00,0.2170000000000094,2.5
2024-08-18 18:15:00,0.28399999999999537,3.0
2024-08-18 18:30:00,0.20799999999999486,3.5
2024-08-18 18:45:00,0.18299999999999983,3.5
2024-08-18 19:00:00,0.13099999999999667,3.75
2024-08-18 19:15:00,0.15549999999999287,3.75
2024-08-18 19:30:00,0.18999999999998352,3.125
2024-08-18 19:45:00,0.04899999999999238,3.375
2024-08-18 20:00:00,0.09700000000000486,3.75
2024-08-18 20:15:00,0.008999999999996788,3.375
2024-08-18 20:30:00,0.07800000000001361,3.625
2024-08-18 20:45:00,0.12600000000000833,2.625
2024-08-18 21:00:00,0.0,1.25
2024-08-18 21:15:00,0.0,1.625
2024-08-18 21:30:00,0.10799999999999699,2.0
2024-08-18 21:45:00,0.2799999999999869,3.0
2024-08-18 22:00:00,0.07700000000001594,4.0
2024-08-18 22:15:00,0.09600000000000719,4.25
2024-08-18 22:30:00,,
2024-08-18 22:45:00,,
2024-08-18 23:00:00,,
2024-08-18 23:15:00,,
2024-08-18 23:30:00,,
2024-08-18 23:45:00,,
2024-08-19 00:00:00,,
2024-08-19 00:15:00,,
2024-08-19 00:30:00,,
2024-08-19 00:45:00,,
2024-08-19 01:00:00,,
2024-08-19 01:15:00,,
2024-08-19 01:30:00,,
2024-08-19 01:45:00,,
2024-08-19 02:00:00,,
2024-08-19 02:15:00,,
2024-08-19 02:30:00,,
2024-08-19 02:45:00,,
2024-08-19 03:00:00,,
2024-08-19 03:15:00,,
2024-08-19 03:30:00,,
2024-08-19 03:45:00,,
2024-08-19 04:00:00,,
2024-08-19 04:15:00,,
2024-08-19 04:30:00,0.1159999999999961,1.625
2024-08-19 04:45:00,0.0,1.625
2024-08-19 05:00:00,0.0,1.125
2024-08-19 05:15:00,0.022000000000002018,0.75
2024-08-19 05:30:00,0.0,0.75
2024-08-19 05:45:00,0.0,0.75
2024-08-19 06:00:00,0.0,0.0625
2024-08-19 06:15:00,0.15399999999999636,0.125
2024-08-19 06:30:00,0.12900000000000134,0.125
2024-08-19 06:45:00,0.0,1.375
2024-08-19 07:00:00,0.06099999999999994,1.375
2024-08-19 07:15:00,0.17699999999999605,1.4375
2024-08-19 07:30:00,0.10199999999999321,1.5625
2024-08-19 07:45:00,0.1249999999999929,0.5625
2024-08-19 08:00:00,0.09475000000000122,0.6875
2024-08-19 08:15:00,0.1980000000000004,0.6875
2024-08-19 08:30:00,0.6807500000000033,0.6875
2024-08-19 08:45:00,0.6149999999999878,0.6875
2024-08-19 09:00:00,0.40300000000000225,0.875
2024-08-19 09:15:00,0.8020000000000138,1.125
2024-08-19 09:30:00,0.754999999999999,1.125
2024-08-19 09:45:00,0.5900000000000105,1.0
2024-08-19 10:00:00,0.6930000000000014,0.6875
2024-08-19 10:15:00,0.4439999999999955,0.5625
2024-08-19 10:30:00,0.6199999999999939,0.8125
2024-08-19 10:45:00,0.6620000000000026,0.75
2024-08-19 11:00:00,0.5180000000000007,1.1875
2024-08-19 11:15:00,0.4269999999999996,1.0
2024-08-19 11:30:00,0.5289999999999928,0.6875
2024-08-19 11:45:00,0.8799999999999919,0.8125
2024-08-19 12:00:00,0.6867499999999893,0.375
2024-08-19 12:15:00,0.4529999999999923,0.4375
2024-08-19 12:30:00,0.558999999999994,0.625
2024-08-19 12:45:00,0.4522500000000029,0.9375
2024-08-19 13:00:00,0.5400000000000027,1.25
2024-08-19 13:15:00,0.879000000000012,1.3125
2024-08-19 13:30:00,0.48975000000000435,1.8125
2024-08-19 13:45:00,0.8779999999999966,2.0625
2024-08-19 14:00:00,0.7807500000000012,1.9375
2024-08-19 14:15:00,0.22999999999999687,2.75
2024-08-19 14:30:00,0.517000000000003,2.375
2024-08-19 14:45:00,0.6299999999999883,1.8125
2024-08-19 15:00:00,0.7820000000000071,1.75
2024-08-19 15:15:00,0.9149999999999991,1.0
2024-08-19 15:30:00,1.0250000000000092,0.875
2024-08-19 15:45:00,1.0249999999999915,1.0625
2024-08-19 16:00:00,0.7669999999999888,1.25
2024-08-19 16:15:00,0.9629999999999939,1.0625
2024-08-19 16:30:00,0.8899999999999864,1.8125
2024-08-19 16:45:00,0.5100000000000016,2.0625
2024-08-19 17:00:00,0.29299999999999216,2.1875
2024-08-19 17:15:00,0.1440000000000019,2.5
2024-08-19 17:30:00,0.24699999999999278,1.875
2024-08-19 17:45:00,0.22800000000000153,1.75
2024-08-19 18:00:00,0.19999999999999574,2.5
2024-08-19 18:15:00,0.10800000000001475,3.375
2024-08-19 18:30:00,0.10099999999999554,4.0
2024-08-19 18:45:00,0.17599999999999838,4.5
2024-08-19 19:00:00,0.5090000000000039,4.0
2024-08-19 19:15:00,0.500999999999987,4.125
2024-08-19 19:30:00,0.3739999999999988,4.5
2024-08-19 19:45:00,0.11000000000001009,4.0
2024-08-19 20:00:00,0.11200000000000543,3.875
2024-08-19 20:15:00,0.4749999999999943,3.875
2024-08-19 20:30:00,0.3319999999999901,3.875
2024-08-19 20:45:00,0.24899999999998812,4.375
2024-08-19 21:00:00,0.038999999999997925,4.75
2024-08-19 21:15:00,0.030999999999998806,4.375
2024-08-19 21:30:00,0.059000000000004604,4.375
2024-08-19 21:45:00,0.07400000000000517,4.75
2024-08-19 22:00:00,0.045999999999999375,4.75
2024-08-19 22:15:00,0.4209999999999958,5.125
2024-08-19 22:30:00,,
2024-08-19 22:45:00,,
2024-08-19 23:00:00,,
2024-08-19 23:15:00,,
2024-08-19 23:30:00,,
2024-08-19 23:45:00,,
2024-08-20 00:00:00,,
2024-08-20 00:15:00,,
2024-08-20 00:30:00,,
2024-08-20 00:45:00,,
2024-08-20 01:00:00,,
2024-08-20 01:15:00,,
2024-08-20 01:30:00,,
2024-08-20 01:45:00,,
2024-08-20 02:00:00,,
2024-08-20 02:15:00,,
2024-08-20 02:30:00,,
2024-08-20 02:45:00,,
2024-08-20 03:00:00,,
2024-08-20 03:15:00,,
2024-08-20 03:30:00,,
2024-08-20 03:45:00,,
2024-08-20 04:00:00,,
2024-08-20 04:15:00,,
2024-08-20 04:30:00,0.04899999999999238,1.125
2024-08-20 04:45:00,0.0,1.0
2024-08-20 05:00:00,0.0,1.0625
2024-08-20 05:15:00,0.01200000000000756,0.0625
2024-08-20 05:30:00,0.0,0.0625
2024-08-20 05:45:00,0.0,1.3125
2024-08-20 06:00:00,0.12300000000001532,1.3125
2024-08-20 06:15:00,0.16400000000000858,1.375
2024-08-20 06:30:00,0.24499999999999744,1.4375
2024-08-20 06:45:00,0.15200000000000102,0.1875
2024-08-20 07:00:00,0.0,0.125
2024-08-20 07:15:00,0.0,0.0625
2024-08-20 07:30:00,0.0,0.0
2024-08-20 07:45:00,0.0,0.0625
2024-08-20 08:00:00,0.10400000000000631,0.1875
2024-08-20 08:15:00,0.27300000000000324,0.375
2024-08-20 08:30:00,0.2650000000000041,0.4375
2024-08-20 08:45:00,0.37200000000000344,0.75
2024-08-20 09:00:00,0.3790000000000049,1.0
2024-08-20 09:15:00,0.3792499999999954,1.0625
2024-08-20 09:30:00,0.28200000000000003,1.0625
2024-08-20 09:45:00,0.3640000000000043,0.75
2024-08-20 10:00:00,0.5760000000000076,0.4375
2024-08-20 10:15:00,0.9569999999999901,0.25
2024-08-20 10:30:00,1.2869999999999848,0.25
2024-08-20 10:45:00,1.0440000000000005,0.25
2024-08-20 11:00:00,1.1209999999999987,0.25
2024-08-20 11:15:00,0.9220000000000006,0.3125
2024-08-20 11:30:00,1.2939999999999863,0.3125
2024-08-20 11:45:00,1.3460000000000072,0.4375
2024-08-20 12:00:00,0.9469999999999956,0.5
2024-08-20 12:15:00,1.067499999999999,0.5
2024-08-20 12:30:00,1.0472500000000018,0.625
2024-08-20 12:45:00,1.09375,0.6875
2024-08-20 13:00:00,1.435499999999994,0.8125
2024-08-20 13:15:00,0.86174999999999,0.9375
2024-08-20 13:30:00,0.7260000000000133,1.125
2024-08-20 13:45:00,0.3289999999999971,1.375
2024-08-20 14:00:00,0.5160000000000053,1.875
2024-08-20 14:15:00,0.28399999999999537,2.0
2024-08-20 14:30:00,0.9360000000000035,2.0
2024-08-20 14:45:00,0.8530000000000015,2.0
2024-08-20 15:00:00,1.1939999999999884,1.4375
2024-08-20 15:15:00,1.2369999999999948,1.3125
2024-08-20 15:30:00,0.6380000000000052,1.6875
2024-08-20 15:45:00,0.4610000000000092,1.9375
2024-08-20 16:00:00,0.18099999999998673,3.125
2024-08-20 16:15:00,0.16600000000000392,3.5
2024-08-20 16:30:00,0.3780000000000072,3.75
2024-08-20 16:45:00,0.4159999999999897,4.0
2024-08-20 17:00:00,0.2289999999999992,2.6875
2024-08-20 17:15:00,1.2769999999999904,2.125
2024-08-20 17:30:00,1.4360000000000106,1.375
2024-08-20 17:45:00,0.48500000000000654,1.0
2024-08-20 18:00:00,0.21300000000000097,1.0
2024-08-20 18:15:00,0.23699999999999832,1.1875
2024-08-20 18:30:00,0.6899999999999906,2.1875
2024-08-20 18:45:00,0.038000000000000256,1.9375
2024-08-20 19:00:00,0.23500000000000298,2.25
2024-08-20 19:15:00,0.48199999999999577,3.375
2024-08-20 19:30:00,0.3340000000000032,3.375
2024-08-20 19:45:00,0.2179999999999893,3.625
2024-08-20 20:00:00,0.17099999999999227,4.0
2024-08-20 20:15:00,0.10799999999999699,2.625
2024-08-20 20:30:00,0.0,2.375
2024-08-20 20:45:00,0.0029999999999930083,2.75
2024-08-20 21:00:00,0.17599999999999838,2.125
2024-08-20 21:15:00,0.36399999999998656,3.375
2024-08-20 21:30:00,0.2829999999999977,3.75
2024-08-20 21:45:00,0.23699999999999832,2.75
2024-08-20 22:00:00,0.0,4.0
2024-08-20 22:15:00,0.04800000000001248,4.125
2024-08-20 22:30:00,,
2024-08-20 22:45:00,,
2024-08-20 23:00:00,,
2024-08-20 23:15:00,,
2024-08-20 23:30:00,,
2024-08-20 23:45:00,,
2024-08-21 00:00:00,,
2024-08-21 00:15:00,,
2024-08-21 00:30:00,,
2024-08-21 00:45:00,,
2024-08-21 01:00:00,,
2024-08-21 01:15:00,,
2024-08-21 01:30:00,,
2024-08-21 01:45:00,,
2024-08-21 02:00:00,,
2024-08-21 02:15:00,,
2024-08-21 02:30:00,,
2024-08-21 02:45:00,,
2024-08-21 03:00:00,,
2024-08-21 03:15:00,,
2024-08-21 03:30:00,,
2024-08-21 03:45:00,,
2024-08-21 04:00:00,,
2024-08-21 04:15:00,,
2024-08-21 04:30:00,0.0,0.0
2024-08-21 04:45:00,0.0,0.0
2024-08-21 05:00:00,0.0,0.0
2024-08-21 05:15:00,0.0,1.25
2024-08-21 05:30:00,0.022999999999999687,2.5
2024-08-21 05:45:00,0.027999999999988034,2.5625
2024-08-21 06:00:00,0.07199999999999207,2.625
2024-08-21 06:15:00,0.17799999999999372,2.75
2024-08-21 06:30:00,0.021500000000003183,1.5
2024-08-21 06:45:00,0.0,1.5
2024-08-21 07:00:00,0.016250000000006537,2.8125
2024-08-21 07:15:00,0.02500000000001279,1.5
2024-08-21 07:30:00,0.03875000000000739,1.5625
2024-08-21 07:45:00,0.175250000000009,1.5625
2024-08-21 08:00:00,0.370999999999988,0.25
2024-08-21 08:15:00,0.338750000000001,0.25
2024-08-21 08:30:00,0.4577500000000079,0.3125
2024-08-21 08:45:00,0.4899999999999949,0.5
2024-08-21 09:00:00,0.4027500000000117,0.5625
2024-08-21 09:15:00,0.6479999999999997,0.5625
2024-08-21 09:30:00,1.213999999999995,0.5
2024-08-21 09:45:00,0.7000000000000028,0.3125
2024-08-21 10:00:00,0.4609999999999914,0.25
2024-08-21 10:15:00,1.4939999999999998,0.25
2024-08-21 10:30:00,1.3320000000000043,0.25
2024-08-21 10:45:00,0.8112500000000011,0.375
2024-08-21 11:00:00,1.5140000000000065,0.375
2024-08-21 11:15:00,1.7707500000000032,0.375
2024-08-21 11:30:00,1.7530000000000001,0.375
2024-08-21 11:45:00,0.7569999999999943,0.3125
2024-08-21 12:00:00,1.5392500000000098,0.375
2024-08-21 12:15:00,0.9110000000000085,0.375
2024-08-21 12:30:00,0.7640000000000136,0.5625
2024-08-21 12:45:00,1.2090000000000067,0.6875
2024-08-21 13:00:00,1.0489999999999888,0.75
2024-08-21 13:15:00,1.014999999999997,0.875
2024-08-21 13:30:00,3.1450000000000067,0.8125
2024-08-21 13:45:00,1.5879999999999939,1.5625
2024-08-21 14:00:00,0.053999999999998494,1.5625
2024-08-21 14:15:00,0.7019999999999982,1.625
2024-08-21 14:30:00,2.776999999999994,1.6875
2024-08-21 14:45:00,1.9049999999999834,0.9375
2024-08-21 15:00:00,1.2100000000000044,1.125
2024-08-21 15:15:00,0.6930000000000014,1.25
2024-08-21 15:30:00,1.6450000000000031,1.375
2024-08-21 15:45:00,2.096,1.875
2024-08-21 16:00:00,0.3279999999999994,2.0
2024-08-21 16:15:00,0.46799999999999287,2.25
2024-08-21 16:30:00,0.4320000000000057,2.875
2024-08-21 16:45:00,0.5249999999999844,2.875
2024-08-21 17:00:00,0.5089999999999861,3.125
2024-08-21 17:15:00,0.4129999999999967,3.0
2024-08-21 17:30:00,0.649999999999995,3.375
2024-08-21 17:45:00,0.32499999999998863,3.375
2024-08-21 18:00:00,0.7570000000000121,3.375
2024-08-21 18:15:00,0.6700000000000017,3.875
2024-08-21 18:30:00,0.38899999999999935,3.5
2024-08-21 18:45:00,0.27200000000000557,4.125
2024-08-21 19:00:00,0.1750000000000007,4.375
2024-08-21 19:15:00,0.35700000000000287,4.375
2024-08-21 19:30:00,0.28850000000000264,4.375
2024-08-21 19:45:00,0.25599999999998957,4.0
2024-08-21 20:00:00,0.14850000000000918,3.25
2024-08-21 20:15:00,0.13700000000000045,2.3125
2024-08-21 20:30:00,0.15625,1.4375
2024-08-21 20:45:00,0.3250000000000064,1.6875
2024-08-21 21:00:00,0.13074999999998838,2.6875
2024-08-21 21:15:00,0.09800000000000253,3.625
2024-08-21 21:30:00,0.28399999999999537,4.875
2024-08-21 21:45:00,0.13199999999999434,5.0
2024-08-21 22:00:00,0.13199999999999434,4.75
2024-08-21 22:15:00,0.35500000000000753,5.125
2024-08-21 22:30:00,,
2024-08-21 22:45:00,,
2024-08-21 23:00:00,,
2024-08-21 23:15:00,,
2024-08-21 23:30:00,,
2024-08-21 23:45:00,,
2024-08-22 00:00:00,,
2024-08-22 00:15:00,,
2024-08-22 00:30:00,,
2024-08-22 00:45:00,,
2024-08-22 01:00:00,,
2024-08-22 01:15:00,,
2024-08-22 01:30:00,,
2024-08-22 01:45:00,,
2024-08-22 02:00:00,,
2024-08-22 02:15:00,,
2024-08-22 02:30:00,,
2024-08-22 02:45:00,,
2024-08-22 03:00:00,,
2024-08-22 03:15:00,,
2024-08-22 03:30:00,,
2024-08-22 03:45:00,,
2024-08-22 04:00:00,,
2024-08-22 04:15:00,,
2024-08-22 04:30:00,0.0,0.0
2024-08-22 04:45:00,0.0,0.0
2024-08-22 05:00:00,0.0,0.25
2024-08-22 05:15:00,0.022999999999999687,0.25
2024-08-22 05:30:00,0.0,0.25
2024-08-22 05:45:00,0.0,0.25
2024-08-22 06:00:00,0.0,0.0625
2024-08-22 06:15:00,0.05400000000001626,0.0625
2024-08-22 06:30:00,0.0,0.0625
2024-08-22 06:45:00,0.0,0.1875
2024-08-22 07:00:00,0.025999999999992696,0.25
2024-08-22 07:15:00,0.11200000000000543,1.25
2024-08-22 07:30:00,0.09975000000000733,1.25
2024-08-22 07:45:00,0.0,2.5
2024-08-22 08:00:00,0.1282499999999942,2.5
2024-08-22 08:15:00,0.038999999999997925,1.5625
2024-08-22 08:30:00,0.030000000000001137,2.9375
2024-08-22 08:45:00,0.17000000000001236,2.0625
2024-08-22 09:00:00,0.1249999999999929,2.4375
2024-08-22 09:15:00,0.1609999999999978,2.875
2024-08-22 09:30:00,0.16300000000001091,2.875
2024-08-22 09:45:00,0.1529999999999987,2.4375
2024-08-22 10:00:00,0.16299999999999315,2.1875
2024-08-22 10:15:00,0.21099999999998786,1.9375
2024-08-22 10:30:00,0.2549999999999919,0.625
2024-08-22 10:45:00,0.3640000000000043,0.625
2024-08-22 11:00:00,0.4139999999999944,0.5625
2024-08-22 11:15:00,0.4897499999999866,0.5625
2024-08-22 11:30:00,0.43199999999998795,0.875
2024-08-22 11:45:00,0.3992500000000021,1.1875
2024-08-22 12:00:00,0.3250000000000064,1.1875
2024-08-22 12:15:00,0.3340000000000032,1.6875
2024-08-22 12:30:00,0.37200000000000344,1.6875
2024-08-22 12:45:00,0.387000000000004,1.5
2024-08-22 13:00:00,0.5180000000000007,1.375
2024-08-22 13:15:00,0.4240000000000066,1.0
2024-08-22 13:30:00,0.30999999999998806,1.0
2024-08-22 13:45:00,0.3340000000000032,1.8125
2024-08-22 14:00:00,0.6189999999999962,2.25
2024-08-22 14:15:00,0.2990000000000137,3.25
2024-08-22 14:30:00,0.24200000000000443,4.125
2024-08-22 14:45:00,0.36000000000001364,4.125
2024-08-22 15:00:00,0.31200000000000117,4.625
2024-08-22 15:15:00,0.5929999999999858,4.25
2024-08-22 15:30:00,0.18000000000000682,4.25
2024-08-22 15:45:00,0.2310000000000123,4.5
2024-08-22 16:00:00,0.2510000000000012,4.75
2024-08-22 16:15:00,0.21899999999998698,5.0
2024-08-22 16:30:00,0.23899999999999366,5.0
2024-08-22 16:45:00,0.1130000000000031,4.375
2024-08-22 17:00:00,0.009999999999994458,3.125
2024-08-22 17:15:00,0.0,2.875
2024-08-22 17:30:00,0.08900000000000574,1.625
2024-08-22 17:45:00,0.0,1.0
2024-08-22 18:00:00,0.0,1.0
2024-08-22 18:15:00,0.0,1.375
2024-08-22 18:30:00,0.029000000000003467,1.5625
2024-08-22 18:45:00,0.24900000000000588,1.625
2024-08-22 19:00:00,0.15499999999999403,1.625
2024-08-22 19:15:00,0.0,0.25
2024-08-22 19:30:00,0.0,0.0625
2024-08-22 19:45:00,0.0,0.0
2024-08-22 20:00:00,0.0,0.0
2024-08-22 20:15:00,0.0,0.0
2024-08-22 20:30:00,0.0,0.0
2024-08-22 20:45:00,0.0,0.0
2024-08-22 21:00:00,0.0,0.0
2024-08-22 21:15:00,0.0,0.0
2024-08-22 21:30:00,0.0,0.0
2024-08-22 21:45:00,0.0,0.0
2024-08-22 22:00:00,0.0,0.0
2024-08-22 22:15:00,0.0,0.0
2024-08-22 22:30:00,,
2024-08-22 22:45:00,,
2024-08-22 23:00:00,,
2024-08-22 23:15:00,,
2024-08-22 23:30:00,,
2024-08-22 23:45:00,,
2024-08-23 00:00:00,,
2024-08-23 00:15:00,,
2024-08-23 00:30:00,,
2024-08-23 00:45:00,,
2024-08-23 01:00:00,,
2024-08-23 01:15:00,,
2024-08-23 01:30:00,,
2024-08-23 01:45:00,,
2024-08-23 02:00:00,,
2024-08-23 02:15:00,,
2024-08-23 02:30:00,,
2024-08-23 02:45:00,,
2024-08-23 03:00:00,,
2024-08-23 03:15:00,,
2024-08-23 03:30:00,,
2024-08-23 03:45:00,,
2024-08-23 04:00:00,,
2024-08-23 04:15:00,,
2024-08-23 04:30:00,0.09299999999999642,0.3125
2024-08-23 04:45:00,0.0,0.25
2024-08-23 05:00:00,0.0,0.25
2024-08-23 05:15:00,0.0,0.0
2024-08-23 05:30:00,0.0,0.0
2024-08-23 05:45:00,0.0,0.75
2024-08-23 06:00:00,0.056000000000011596,0.8125
2024-08-23 06:15:00,0.029000000000003467,0.875
2024-08-23 06:30:00,0.07500000000000284,2.125
2024-08-23 06:45:00,0.015250000000008868,1.5625
2024-08-23 07:00:00,0.008999999999996788,1.5625
2024-08-23 07:15:00,0.20649999999999835,1.625
2024-08-23 07:30:00,0.09325000000000472,0.5
2024-08-23 07:45:00,0.22000000000000242,0.375
2024-08-23 08:00:00,0.5850000000000044,0.375
2024-08-23 08:15:00,0.3780000000000072,0.5
2024-08-23 08:30:00,0.2650000000000041,0.4375
2024-08-23 08:45:00,0.3989999999999938,0.4375
2024-08-23 09:00:00,0.5129999999999946,0.4375
2024-08-23 09:15:00,0.4720000000000013,0.375
2024-08-23 09:30:00,0.5919999999999881,0.375
2024-08-23 09:45:00,0.6850000000000023,0.375
2024-08-23 10:00:00,1.1139999999999972,0.375
2024-08-23 10:15:00,1.3180000000000014,0.25
2024-08-23 10:30:00,1.1410000000000053,0.25
2024-08-23 10:45:00,0.7249999999999979,0.25
2024-08-23 11:00:00,0.2939999999999898,0.3125
2024-08-23 11:15:00,0.9979999999999833,0.375
2024-08-23 11:30:00,0.8689999999999998,0.8125
2024-08-23 11:45:00,0.3030000000000044,0.9375
2024-08-23 12:00:00,0.9790000000000099,0.875
2024-08-23 12:15:00,0.4919999999999902,1.0
2024-08-23 12:30:00,1.4000000000000057,0.75
2024-08-23 12:45:00,1.1660000000000004,0.9375
2024-08-23 13:00:00,0.860000000000003,1.25
2024-08-23 13:15:00,0.5090000000000039,1.1875
2024-08-23 13:30:00,0.5510000000000126,1.125
2024-08-23 13:45:00,1.2420000000000009,1.375
2024-08-23 14:00:00,0.29299999999999216,1.625
2024-08-23 14:15:00,0.2099999999999902,1.6875
2024-08-23 14:30:00,0.7670000000000066,1.75
2024-08-23 14:45:00,0.9480000000000111,1.875
2024-08-23 15:00:00,0.44200000000000017,1.625
2024-08-23 15:15:00,0.45499999999998764,1.75
2024-08-23 15:30:00,0.8859999999999957,1.875
2024-08-23 15:45:00,0.3110000000000035,1.875
2024-08-23 16:00:00,0.49099999999999255,2.5
2024-08-23 16:15:00,0.4749999999999943,3.125
2024-08-23 16:30:00,0.6479999999999997,3.75
2024-08-23 16:45:00,0.4410000000000025,4.0
2024-08-23 17:00:00,0.1609999999999978,4.25
2024-08-23 17:15:00,0.4410000000000025,4.5
2024-08-23 17:30:00,0.6559999999999988,4.875
2024-08-23 17:45:00,0.34299999999999997,5.25
2024-08-23 18:00:00,0.16899999999999693,4.0
2024-08-23 18:15:00,0.0,2.75
2024-08-23 18:30:00,0.0,1.375
2024-08-23 18:45:00,0.0,0.0
2024-08-23 19:00:00,0.0,0.0
2024-08-23 19:15:00,0.0,0.0
2024-08-23 19:30:00,0.0,0.0
2024-08-23 19:45:00,0.0,0.0
2024-08-23 20:00:00,0.0,0.0
2024-08-23 20:15:00,0.0,0.75
2024-08-23 20:30:00,0.06400000000001071,1.25
2024-08-23 20:45:00,0.02700000000000813,1.375
2024-08-23 21:00:00,0.04399999999998627,1.375
2024-08-23 21:15:00,0.0,0.625
2024-08-23 21:30:00,0.0,0.125
2024-08-23 21:45:00,0.0,0.0
2024-08-23 22:00:00,0.0,0.0
2024-08-23 22:15:00,0.0,0.0625
2024-08-23 22:30:00,,
2024-08-23 22:45:00,,
2024-08-23 23:00:00,,
2024-08-23 23:15:00,,
2024-08-23 23:30:00,,
2024-08-23 23:45:00,,
2024-08-24 00:00:00,,
2024-08-24 00:15:00,,
2024-08-24 00:30:00,,
2024-08-24 00:45:00,,
2024-08-24 01:00:00,,
2024-08-24 01:15:00,,
2024-08-24 01:30:00,,
2024-08-24 01:45:00,,
2024-08-24 02:00:00,,
2024-08-24 02:15:00,,
2024-08-24 02:30:00,,
2024-08-24 02:45:00,,
2024-08-24 03:00:00,,
2024-08-24 03:15:00,,
2024-08-24 03:30:00,,
2024-08-24 03:45:00,,
2024-08-24 04:00:00,,
2024-08-24 04:15:00,,
2024-08-24 04:30:00,0.02000000000000668,2.25
2024-08-24 04:45:00,0.02100000000000435,2.125
2024-08-24 05:00:00,0.0,0.9375
2024-08-24 05:15:00,0.07799999999999585,0.4375
2024-08-24 05:30:00,0.0,0.0625
2024-08-24 05:45:00,0.0,0.125
2024-08-24 06:00:00,0.028000000000005798,0.0625
2024-08-24 06:15:00,0.0,0.0625
2024-08-24 06:30:00,0.0,0.0625
2024-08-24 06:45:00,0.0,1.0
2024-08-24 07:00:00,0.06500000000000838,2.0
2024-08-24 07:15:00,0.07600000000000051,3.0
2024-08-24 07:30:00,0.06700000000000372,4.375
2024-08-24 07:45:00,0.019999999999988916,3.375
2024-08-24 08:00:00,0.0,3.375
2024-08-24 08:15:00,0.016999999999995907,2.4375
2024-08-24 08:30:00,0.010000000000012221,1.25
2024-08-24 08:45:00,0.0709999999999944,1.4375
2024-08-24 09:00:00,0.015999999999998238,0.5625
2024-08-24 09:15:00,0.003999999999990678,0.5625
2024-08-24 09:30:00,0.12400000000001299,0.4375
2024-08-24 09:45:00,0.08699999999999264,0.3125
2024-08-24 10:00:00,0.23299999999998988,0.25
2024-08-24 10:15:00,0.5980000000000096,0.25
2024-08-24 10:30:00,0.9420000000000073,0.3125
2024-08-24 10:45:00,2.065999999999999,0.3125
2024-08-24 11:00:00,2.3460000000000036,0.3125
2024-08-24 11:15:00,1.6109999999999935,0.3125
2024-08-24 11:30:00,0.6630000000000003,0.3125
2024-08-24 11:45:00,1.5969999999999906,0.375
2024-08-24 12:00:00,2.2550000000000026,0.5
2024-08-24 12:15:00,1.6169999999999973,0.625
2024-08-24 12:30:00,0.3139999999999965,1.25
2024-08-24 12:45:00,0.053000000000000824,1.625
2024-08-24 13:00:00,0.7000000000000028,1.6875
2024-08-24 13:15:00,1.5389999999999837,1.6875
2024-08-24 13:30:00,1.3280000000000136,1.3125
2024-08-24 13:45:00,0.387000000000004,0.875
2024-08-24 14:00:00,0.600000000000005,1.0
2024-08-24 14:15:00,1.0939999999999905,1.3125
2024-08-24 14:30:00,1.493000000000002,1.0
2024-08-24 14:45:00,0.3560000000000052,1.0625
2024-08-24 15:00:00,0.38899999999999935,1.1875
2024-08-24 15:15:00,0.627999999999993,1.3125
2024-08-24 15:30:00,0.15600000000000946,1.875
2024-08-24 15:45:00,0.4410000000000025,2.375
2024-08-24 16:00:00,0.43799999999999173,2.625
2024-08-24 16:15:00,0.5860000000000021,2.75
2024-08-24 16:30:00,0.4589999999999961,3.125
2024-08-24 16:45:00,0.19349999999999312,3.5
2024-08-24 17:00:00,0.5697499999999955,3.75
2024-08-24 17:15:00,0.9275000000000055,3.75
2024-08-24 17:30:00,0.26374999999999815,3.375
2024-08-24 17:45:00,0.2890000000000015,3.375
2024-08-24 18:00:00,0.09400000000001185,3.625
2024-08-24 18:15:00,0.1419999999999888,4.125
2024-08-24 18:30:00,0.5879999999999974,4.75
2024-08-24 18:45:00,0.7440000000000069,3.8125
2024-08-24 19:00:00,0.47049999999998704,2.625
2024-08-24 19:15:00,0.7352500000000006,2.75
2024-08-24 19:30:00,0.1550000000000118,1.6875
2024-08-24 19:45:00,0.2430000000000021,2.0
2024-08-24 20:00:00,0.20899999999999253,1.9375
2024-08-24 20:15:00,0.0,0.5625
2024-08-24 20:30:00,0.0,0.875
2024-08-24 20:45:00,0.12000000000000455,1.0
2024-08-24 21:00:00,0.2179999999999893,1.75
2024-08-24 21:15:00,0.07500000000000284,3.0
2024-08-24 21:30:00,0.03600000000000492,3.75
2024-08-24 21:45:00,0.008999999999996788,3.25
2024-08-24 22:00:00,0.0,3.25
2024-08-24 22:15:00,0.10099999999999554,3.0
2024-08-24 22:30:00,,
2024-08-24 22:45:00,,
2024-08-24 23:00:00,,
2024-08-24 23:15:00,,
2024-08-24 23:30:00,,
2024-08-24 23:45:00,,
2024-08-25 00:00:00,,
2024-08-25 00:15:00,,
2024-08-25 00:30:00,,
2024-08-25 00:45:00,,
2024-08-25 01:00:00,,
2024-08-25 01:15:00,,
2024-08-25 01:30:00,,
2024-08-25 01:45:00,,
2024-08-25 02:00:00,,
2024-08-25 02:15:00,,
2024-08-25 02:30:00,,
2024-08-25 02:45:00,,
2024-08-25 03:00:00,,
2024-08-25 03:15:00,,
2024-08-25 03:30:00,,
2024-08-25 03:45:00,,
2024-08-25 04:00:00,,
2024-08-25 04:15:00,,
2024-08-25 04:30:00,0.0,0.4375
2024-08-25 04:45:00,0.0,0.1875
2024-08-25 05:00:00,0.0,0.0
2024-08-25 05:15:00,0.0,0.0
2024-08-25 05:30:00,0.0,0.0
2024-08-25 05:45:00,0.0,0.0
2024-08-25 06:00:00,0.0,1.25
2024-08-25 06:15:00,0.041999999999990933,1.25
2024-08-25 06:30:00,0.0,1.25
2024-08-25 06:45:00,0.0,1.3125
2024-08-25 07:00:00,0.050000000000007816,0.3125
2024-08-25 07:15:00,0.052000000000003155,0.375
2024-08-25 07:30:00,0.019999999999988916,0.4375
2024-08-25 07:45:00,0.19999999999999574,0.4375
2024-08-25 08:00:00,0.17300000000000537,0.25
2024-08-25 08:15:00,0.23699999999999832,0.25
2024-08-25 08:30:00,0.36599999999999966,0.3125
2024-08-25 08:45:00,0.21275000000001043,0.375
2024-08-25 09:00:00,0.21325000000000927,0.375
2024-08-25 09:15:00,0.5400000000000027,0.4375
2024-08-25 09:30:00,0.7647499999999852,0.5625
2024-08-25 09:45:00,0.8440000000000047,0.6875
2024-08-25 10:00:00,1.0190000000000055,0.6875
2024-08-25 10:15:00,0.7290000000000063,1.0625
2024-08-25 10:30:00,0.3670000000000151,0.875
2024-08-25 10:45:00,0.5640000000000001,0.6875
2024-08-25 11:00:00,1.4789999999999992,0.75
2024-08-25 11:15:00,1.0519999999999996,0.375
2024-08-25 11:30:00,0.5799999999999983,0.5625
2024-08-25 11:45:00,1.2530000000000108,0.75
2024-08-25 12:00:00,1.294000000000004,0.6875
2024-08-25 12:15:00,0.7699999999999996,0.9375
2024-08-25 12:30:00,0.7729999999999926,0.8125
2024-08-25 12:45:00,1.034000000000006,0.75
2024-08-25 13:00:00,1.3949999999999996,0.9375
2024-08-25 13:15:00,1.1149999999999949,0.75
2024-08-25 13:30:00,0.9539999999999971,0.75
2024-08-25 13:45:00,0.46499999999999986,0.75
2024-08-25 14:00:00,0.6090000000000018,0.875
2024-08-25 14:15:00,0.4860000000000042,1.6875
2024-08-25 14:30:00,0.026999999999990365,1.8125
2024-08-25 14:45:00,0.9210000000000029,1.875
2024-08-25 15:00:00,1.0650000000000048,2.25
2024-08-25 15:15:00,0.33899999999999153,1.875
2024-08-25 15:30:00,0.708000000000002,2.25
2024-08-25 15:45:00,0.5240000000000045,2.0625
2024-08-25 16:00:00,0.45700000000000074,1.8125
2024-08-25 16:15:00,0.43400000000000105,1.5625
2024-08-25 16:30:00,0.6349999999999945,1.3125
2024-08-25 16:45:00,0.3119999999999834,1.625
2024-08-25 17:00:00,1.3700000000000045,1.875
2024-08-25 17:15:00,0.8079999999999998,2.25
2024-08-25 17:30:00,0.07499999999998508,2.875
2024-08-25 17:45:00,0.3190000000000026,3.25
2024-08-25 18:00:00,0.059000000000004604,3.5
2024-08-25 18:15:00,0.31299999999999883,2.8125
2024-08-25 18:30:00,0.3059999999999974,2.8125
2024-08-25 18:45:00,0.2970000000000006,3.0625
2024-08-25 19:00:00,1.1109999999999864,2.4375
2024-08-25 19:15:00,0.8900000000000041,2.75
2024-08-25 19:30:00,0.5629999999999846,2.75
2024-08-25 19:45:00,0.8050000000000068,2.75
2024-08-25 20:00:00,0.41199999999999903,3.375
2024-08-25 20:15:00,0.1670000000000016,4.25
2024-08-25 20:30:00,0.047999999999994714,4.5
2024-08-25 20:45:00,0.12800000000000367,4.75
2024-08-25 21:00:00,0.2930000000000099,3.8125
2024-08-25 21:15:00,0.34699999999999065,3.8125
2024-08-25 21:30:00,0.2524999999999977,3.8125
2024-08-25 21:45:00,0.649999999999995,3.8125
2024-08-25 22:00:00,0.293499999999991,5.125
2024-08-25 22:15:00,0.5550000000000033,5.25
2024-08-25 22:30:00,,
2024-08-25 22:45:00,,
2024-08-25 23:00:00,,
2024-08-25 23:15:00,,
2024-08-25 23:30:00,,
2024-08-25 23:45:00,,
2024-08-26 00:00:00,,
2024-08-26 00:15:00,,
2024-08-26 00:30:00,,
2024-08-26 00:45:00,,
2024-08-26 01:00:00,,
2024-08-26 01:15:00,,
2024-08-26 01:30:00,,
2024-08-26 01:45:00,,
2024-08-26 02:00:00,,
2024-08-26 02:15:00,,
2024-08-26 02:30:00,,
2024-08-26 02:45:00,,
2024-08-26 03:00:00,,
2024-08-26 03:15:00,,
2024-08-26 03:30:00,,
2024-08-26 03:45:00,,
2024-08-26 04:00:00,,
2024-08-26 04:15:00,,
2024-08-26 04:30:00,0.012999999999987466,0.0625
2024-08-26 04:45:00,0.0,0.0625
2024-08-26 05:00:00,0.0,0.0625
2024-08-26 05:15:00,0.0,0.375
2024-08-26 05:30:00,0.05599999999999383,0.4375
2024-08-26 05:45:00,0.11900000000000688,0.4375
2024-08-26 06:00:00,0.0,0.5
2024-08-26 06:15:00,0.09499999999999176,0.1875
2024-08-26 06:30:00,0.16199999999999548,0.1875
2024-08-26 06:45:00,0.25900000000000034,0.25
2024-08-26 07:00:00,0.20400000000000418,0.3125
2024-08-26 07:15:00,0.08699999999999264,0.3125
2024-08-26 07:30:00,0.159249999999993,0.3125
2024-08-26 07:45:00,0.6700000000000017,0.3125
2024-08-26 08:00:00,0.49274999999999736,0.375
2024-08-26 08:15:00,0.13450000000000628,0.375
2024-08-26 08:30:00,0.3584999999999994,0.4375
2024-08-26 08:45:00,0.7212499999999977,0.5
2024-08-26 09:00:00,1.6157499999999914,0.375
2024-08-26 09:15:00,1.1079999999999934,0.375
2024-08-26 09:30:00,0.860000000000003,0.3125
2024-08-26 09:45:00,1.000500000000013,0.25
2024-08-26 10:00:00,0.8500000000000085,0.3125
2024-08-26 10:15:00,0.7587499999999991,0.3125
2024-08-26 10:30:00,0.8209999999999873,0.3125
2024-08-26 10:45:00,1.6222500000000117,0.3125
2024-08-26 11:00:00,0.7690000000000019,0.25
2024-08-26 11:15:00,0.7909999999999862,0.25
2024-08-26 11:30:00,2.146000000000008,0.3125
2024-08-26 11:45:00,1.1899999999999977,0.4375
2024-08-26 12:00:00,1.2429999999999986,0.4375
2024-08-26 12:15:00,0.6219999999999892,0.75
2024-08-26 12:30:00,0.34600000000001074,0.75
2024-08-26 12:45:00,3.548999999999989,0.6875
2024-08-26 13:00:00,3.7850000000000072,0.875
2024-08-26 13:15:00,2.5269999999999904,0.75
2024-08-26 13:30:00,0.9159999999999968,0.6875
2024-08-26 13:45:00,0.0990000000000002,0.6875
2024-08-26 14:00:00,2.652000000000001,0.5
2024-08-26 14:15:00,1.7480000000000118,0.3125
2024-08-26 14:30:00,1.615000000000002,0.375
2024-08-26 14:45:00,1.463000000000001,0.3125
2024-08-26 15:00:00,2.097750000000005,0.3125
2024-08-26 15:15:00,2.1415000000000006,0.75
2024-08-26 15:30:00,0.5107499999999909,0.875
2024-08-26 15:45:00,0.9975000000000023,0.9375
2024-08-26 16:00:00,0.6630000000000003,1.0
2024-08-26 16:15:00,0.5102500000000099,0.75
2024-08-26 16:30:00,1.0829999999999984,0.875
2024-08-26 16:45:00,0.2740000000000009,1.25
2024-08-26 17:00:00,0.32399999999999096,1.625
2024-08-26 17:15:00,0.6240000000000023,2.0
2024-08-26 17:30:00,0.6739999999999924,2.375
2024-08-26 17:45:00,0.4449999999999932,2.625
2024-08-26 18:00:00,0.45199999999999463,2.75
2024-08-26 18:15:00,0.6789999999999985,2.75
2024-08-26 18:30:00,0.6530000000000058,2.75
2024-08-26 18:45:00,0.8120000000000083,3.0
2024-08-26 19:00:00,0.2617500000000028,3.375
2024-08-26 19:15:00,0.9939999999999927,3.75
2024-08-26 19:30:00,0.9492499999999993,3.625
2024-08-26 19:45:00,0.32700000000000173,3.625
2024-08-26 20:00:00,0.19999999999999574,2.8125
2024-08-26 20:15:00,0.3009999999999913,2.0625
2024-08-26 20:30:00,0.6630000000000003,1.6875
2024-08-26 20:45:00,1.0430000000000028,0.9375
2024-08-26 21:00:00,0.5010000000000048,1.125
2024-08-26 21:15:00,0.1750000000000007,2.125
2024-08-26 21:30:00,0.03500000000000725,2.625
2024-08-26 21:45:00,0.1440000000000019,3.375
2024-08-26 22:00:00,0.7260000000000133,4.0
2024-08-26 22:15:00,0.5089999999999861,3.25
2024-08-26 22:30:00,,
2024-08-26 22:45:00,,
2024-08-26 23:00:00,,
2024-08-26 23:15:00,,
2024-08-26 23:30:00,,
2024-08-26 23:45:00,,
2024-08-27 00:00:00,,
2024-08-27 00:15:00,,
2024-08-27 00:30:00,,
2024-08-27 00:45:00,,
2024-08-27 01:00:00,,
2024-08-27 01:15:00,,
2024-08-27 01:30:00,,
2024-08-27 01:45:00,,
2024-08-27 02:00:00,,
2024-08-27 02:15:00,,
2024-08-27 02:30:00,,
2024-08-27 02:45:00,,
2024-08-27 03:00:00,,
2024-08-27 03:15:00,,
2024-08-27 03:30:00,,
2024-08-27 03:45:00,,
2024-08-27 04:00:00,,
2024-08-27 04:15:00,,
2024-08-27 04:30:00,,
2024-08-27 04:45:00,,
2024-08-27 05:00:00,,
2024-08-27 05:15:00,,
2024-08-27 05:30:00,,
2024-08-27 05:45:00,,
2024-08-27 06:00:00,,
2024-08-27 06:15:00,,
2024-08-27 06:30:00,,
2024-08-27 06:45:00,,
2024-08-27 07:00:00,,
2024-08-27 07:15:00,,
2024-08-27 07:30:00,,
2024-08-27 07:45:00,,
2024-08-27 08:00:00,,
2024-08-27 08:15:00,,
2024-08-27 08:30:00,,
2024-08-27 08:45:00,,
2024-08-27 09:00:00,,
2024-08-27 09:15:00,,
2024-08-27 09:30:00,,
2024-08-27 09:45:00,,
2024-08-27 10:00:00,,
2024-08-27 10:15:00,,
2024-08-27 10:30:00,,
2024-08-27 10:45:00,,
2024-08-27 11:00:00,,
2024-08-27 11:15:00,,
2024-08-27 11:30:00,,
2024-08-27 11:45:00,,
2024-08-27 12:00:00,,
2024-08-27 12:15:00,,
2024-08-27 12:30:00,,
2024-08-27 12:45:00,,
2024-08-27 13:00:00,,
2024-08-27 13:15:00,,
2024-08-27 13:30:00,,
2024-08-27 13:45:00,,
2024-08-27 14:00:00,,
2024-08-27 14:15:00,,
2024-08-27 14:30:00,,
2024-08-27 14:45:00,,
2024-08-27 15:00:00,,
2024-08-27 15:15:00,,
2024-08-27 15:30:00,,
2024-08-27 15:45:00,,
2024-08-27 16:00:00,,
2024-08-27 16:15:00,,
2024-08-27 16:30:00,,
2024-08-27 16:45:00,,
2024-08-27 17:00:00,,
2024-08-27 17:15:00,,
2024-08-27 17:30:00,,
2024-08-27 17:45:00,,
2024-08-27 18:00:00,,
2024-08-27 18:15:00,,
2024-08-27 18:30:00,,
2024-08-27 18:45:00,,
2024-08-27 19:00:00,,
2024-08-27 19:15:00,,
2024-08-27 19:30:00,,
2024-08-27 19:45:00,,
2024-08-27 20:00:00,,
2024-08-27 20:15:00,,
2024-08-27 20:30:00,,
2024-08-27 20:45:00,,
2024-08-27 21:00:00,,
2024-08-27 21:15:00,,
2024-08-27 21:30:00,,
2024-08-27 21:45:00,,
2024-08-27 22:00:00,,
2024-08-27 22:15:00,,
2024-08-27 22:30:00,,
2024-08-27 22:45:00,,
2024-08-27 23:00:00,,
2024-08-27 23:15:00,,
2024-08-27 23:30:00,,
2024-08-27 23:45:00,,
2024-08-28 00:00:00,,
2024-08-28 00:15:00,,
2024-08-28 00:30:00,,
2024-08-28 00:45:00,,
2024-08-28 01:00:00,,
2024-08-28 01:15:00,,
2024-08-28 01:30:00,,
2024-08-28 01:45:00,,
2024-08-28 02:00:00,,
2024-08-28 02:15:00,,
2024-08-28 02:30:00,,
2024-08-28 02:45:00,,
2024-08-28 03:00:00,,
2024-08-28 03:15:00,,
2024-08-28 03:30:00,,
2024-08-28 03:45:00,,
2024-08-28 04:00:00,,
2024-08-28 04:15:00,,
2024-08-28 04:30:00,,
2024-08-28 04:45:00,,
2024-08-28 05:00:00,,
2024-08-28 05:15:00,,
2024-08-28 05:30:00,,
2024-08-28 05:45:00,,
2024-08-28 06:00:00,,
2024-08-28 06:15:00,,
2024-08-28 06:30:00,,
2024-08-28 06:45:00,,
2024-08-28 07:00:00,,
2024-08-28 07:15:00,,
2024-08-28 07:30:00,,
2024-08-28 07:45:00,,
2024-08-28 08:00:00,,
2024-08-28 08:15:00,,
2024-08-28 08:30:00,,
2024-08-28 08:45:00,,
2024-08-28 09:00:00,,
2024-08-28 09:15:00,,
2024-08-28 09:30:00,,
2024-08-28 09:45:00,,
2024-08-28 10:00:00,,
2024-08-28 10:15:00,,
2024-08-28 10:30:00,,
2024-08-28 10:45:00,,
2024-08-28 11:00:00,,
2024-08-28 11:15:00,,
2024-08-28 11:30:00,,
2024-08-28 11:45:00,,
2024-08-28 12:00:00,,
2024-08-28 12:15:00,,
2024-08-28 12:30:00,,
2024-08-28 12:45:00,,
2024-08-28 13:00:00,,
2024-08-28 13:15:00,,
2024-08-28 13:30:00,,
2024-08-28 13:45:00,,
2024-08-28 14:00:00,,
2024-08-28 14:15:00,,
2024-08-28 14:30:00,,
2024-08-28 14:45:00,,
2024-08-28 15:00:00,,
2024-08-28 15:15:00,,
2024-08-28 15:30:00,,
2024-08-28 15:45:00,,
2024-08-28 16:00:00,,
2024-08-28 16:15:00,,
2024-08-28 16:30:00,,
2024-08-28 16:45:00,,
2024-08-28 17:00:00,,
2024-08-28 17:15:00,,
2024-08-28 17:30:00,,
2024-08-28 17:45:00,,
2024-08-28 18:00:00,,
2024-08-28 18:15:00,,
2024-08-28 18:30:00,,
2024-08-28 18:45:00,,
2024-08-28 19:00:00,,
2024-08-28 19:15:00,,
2024-08-28 19:30:00,,
2024-08-28 19:45:00,,
2024-08-28 20:00:00,,
2024-08-28 20:15:00,,
2024-08-28 20:30:00,,
2024-08-28 20:45:00,,
2024-08-28 21:00:00,,
2024-08-28 21:15:00,,
2024-08-28 21:30:00,,
2024-08-28 21:45:00,,
2024-08-28 22:00:00,,
2024-08-28 22:15:00,,
2024-08-28 22:30:00,,
2024-08-28 22:45:00,,
2024-08-28 23:00:00,,
2024-08-28 23:15:00,,
2024-08-28 23:30:00,,
2024-08-28 23:45:00,,
2024-08-29 00:00:00,,
2024-08-29 00:15:00,,
2024-08-29 00:30:00,,
2024-08-29 00:45:00,,
2024-08-29 01:00:00,,
2024-08-29 01:15:00,,
2024-08-29 01:30:00,,
2024-08-29 01:45:00,,
2024-08-29 02:00:00,,
2024-08-29 02:15:00,,
2024-08-29 02:30:00,,
2024-08-29 02:45:00,,
2024-08-29 03:00:00,,
2024-08-29 03:15:00,,
2024-08-29 03:30:00,,
2024-08-29 03:45:00,,
2024-08-29 04:00:00,,
2024-08-29 04:15:00,,
2024-08-29 04:30:00,,
2024-08-29 04:45:00,,
2024-08-29 05:00:00,,
2024-08-29 05:15:00,,
2024-08-29 05:30:00,,
2024-08-29 05:45:00,,
2024-08-29 06:00:00,,
2024-08-29 06:15:00,,
2024-08-29 06:30:00,,
2024-08-29 06:45:00,,
2024-08-29 07:00:00,,
2024-08-29 07:15:00,,
2024-08-29 07:30:00,,
2024-08-29 07:45:00,,
2024-08-29 08:00:00,,
2024-08-29 08:15:00,,
2024-08-29 08:30:00,,
2024-08-29 08:45:00,,
2024-08-29 09:00:00,,
2024-08-29 09:15:00,,
2024-08-29 09:30:00,,
