,grad,dwl,time
0,,,2024-08-05 15:15:00
1,,,2024-08-05 15:30:00
2,,,2024-08-05 15:45:00
3,,,2024-08-05 16:00:00
4,,,2024-08-05 16:15:00
5,,,2024-08-05 16:30:00
6,,,2024-08-05 16:45:00
7,,,2024-08-05 17:00:00
8,,,2024-08-05 17:15:00
9,,,2024-08-05 17:30:00
10,,,2024-08-05 17:45:00
11,,,2024-08-05 18:00:00
12,,,2024-08-05 18:15:00
13,,,2024-08-05 18:30:00
14,,,2024-08-05 18:45:00
15,,,2024-08-05 19:00:00
16,,,2024-08-05 19:15:00
17,,,2024-08-05 19:30:00
18,,,2024-08-05 19:45:00
19,,,2024-08-05 20:00:00
20,,,2024-08-05 20:15:00
21,,,2024-08-05 20:30:00
22,,,2024-08-05 20:45:00
23,,,2024-08-05 21:00:00
24,,,2024-08-05 21:15:00
25,,,2024-08-05 21:30:00
26,,,2024-08-05 21:45:00
27,,,2024-08-05 22:00:00
28,,,2024-08-05 22:15:00
29,,,2024-08-05 22:30:00
30,,,2024-08-05 22:45:00
31,,,2024-08-05 23:00:00
32,,,2024-08-05 23:15:00
33,,,2024-08-05 23:30:00
34,,,2024-08-05 23:45:00
35,,,2024-08-06 00:00:00
36,,,2024-08-06 00:15:00
37,,,2024-08-06 00:30:00
38,,,2024-08-06 00:45:00
39,,,2024-08-06 01:00:00
40,,,2024-08-06 01:15:00
41,,,2024-08-06 01:30:00
42,,,2024-08-06 01:45:00
43,,,2024-08-06 02:00:00
44,,,2024-08-06 02:15:00
45,,,2024-08-06 02:30:00
46,,,2024-08-06 02:45:00
47,,,2024-08-06 03:00:00
48,,,2024-08-06 03:15:00
49,,,2024-08-06 03:30:00
50,0.45400000000000773,7.75,2024-08-06 03:45:00
51,0.1320000000000121,5.75,2024-08-06 04:00:00
52,0.0,6.25,2024-08-06 04:15:00
53,0.0059999999999860165,6.775,2024-08-06 04:30:00
54,0.08125000000001492,7.025,2024-08-06 04:45:00
55,0.46800000000001063,9.525,2024-08-06 05:00:00
56,0.04224999999999923,7.0875,2024-08-06 05:15:00
57,0.06300000000001305,6.5625,2024-08-06 05:30:00
58,0.2102499999999985,7.0875,2024-08-06 05:45:00
59,0.19499999999998963,4.7125,2024-08-06 06:00:00
60,0.18525000000000347,4.775,2024-08-06 06:15:00
61,0.09450000000001069,2.8375,2024-08-06 06:30:00
62,0.182500000000001,0.375,2024-08-06 06:45:00
63,0.7412500000000044,0.375,2024-08-06 07:00:00
64,1.0767499999999863,0.375,2024-08-06 07:15:00
65,0.73125000000001,0.375,2024-08-06 07:30:00
66,0.3204999999999991,0.5625,2024-08-06 07:45:00
67,0.5540000000000056,0.5625,2024-08-06 08:00:00
68,0.7025000000000148,0.625,2024-08-06 08:15:00
69,0.4889999999999972,0.8125,2024-08-06 08:30:00
70,0.7565000000000133,0.8125,2024-08-06 08:45:00
71,0.48199999999999577,0.8125,2024-08-06 09:00:00
72,0.4579999999999984,0.6875,2024-08-06 09:15:00
73,0.3330000000000055,0.9375,2024-08-06 09:30:00
74,0.11099999999999,1.4375,2024-08-06 09:45:00
75,0.2859999999999907,1.4375,2024-08-06 10:00:00
76,1.5879999999999939,1.4375,2024-08-06 10:15:00
77,2.619999999999987,1.1875,2024-08-06 10:30:00
78,1.9289999999999985,0.5625,2024-08-06 10:45:00
79,1.5729999999999933,0.9375,2024-08-06 11:00:00
80,1.2459999999999916,1.625,2024-08-06 11:15:00
81,0.8990000000000009,1.5625,2024-08-06 11:30:00
82,1.7249999999999943,1.5,2024-08-06 11:45:00
83,1.2759999999999927,1.0625,2024-08-06 12:00:00
84,1.1799999999999855,0.6875,2024-08-06 12:15:00
85,0.49699999999999633,0.75,2024-08-06 12:30:00
86,0.752000000000006,0.75,2024-08-06 12:45:00
87,1.6690000000000005,0.75,2024-08-06 13:00:00
88,2.3719999999999963,0.5,2024-08-06 13:15:00
89,1.8400000000000105,0.75,2024-08-06 13:30:00
90,1.6889999999999894,1.0625,2024-08-06 13:45:00
91,0.6960000000000122,1.0625,2024-08-06 14:00:00
92,0.23200000000000998,1.4375,2024-08-06 14:15:00
93,3.3169999999999966,1.3125,2024-08-06 14:30:00
94,2.561,1.6875,2024-08-06 14:45:00
95,1.244000000000014,2.125,2024-08-06 15:00:00
96,2.1030000000000015,2.0,2024-08-06 15:15:00
97,0.6630000000000003,2.0,2024-08-06 15:30:00
98,0.8680000000000021,3.0,2024-08-06 15:45:00
99,0.08100000000000662,4.5,2024-08-06 16:00:00
100,0.3569999999999851,4.625,2024-08-06 16:15:00
101,2.380999999999993,4.75,2024-08-06 16:30:00
102,1.6250000000000142,3.75,2024-08-06 16:45:00
103,0.6840000000000046,2.0,2024-08-06 17:00:00
104,1.0570000000000057,1.875,2024-08-06 17:15:00
105,0.25299999999999656,2.125,2024-08-06 17:30:00
106,1.5949999999999953,1.875,2024-08-06 17:45:00
107,2.2439999999999927,2.375,2024-08-06 18:00:00
108,0.6610000000000049,2.0,2024-08-06 18:15:00
109,0.0,2.0,2024-08-06 18:30:00
110,1.2560000000000038,2.5,2024-08-06 18:45:00
111,1.4029999999999987,2.75,2024-08-06 19:00:00
112,0.37200000000000344,3.5,2024-08-06 19:15:00
113,0.42600000000000193,3.75,2024-08-06 19:30:00
114,1.1819999999999986,3.75,2024-08-06 19:45:00
115,0.5609999999999893,4.0,2024-08-06 20:00:00
116,0.3730000000000011,3.75,2024-08-06 20:15:00
117,0.5279999999999951,3.25,2024-08-06 20:30:00
118,0.838000000000001,3.75,2024-08-06 20:45:00
119,0.17900000000000915,3.25,2024-08-06 21:00:00
120,0.5440000000000111,5.275,2024-08-06 21:15:00
121,0.053999999999998494,5.775,2024-08-06 21:30:00
122,0.17099999999999227,5.775,2024-08-06 21:45:00
123,0.0727499999999992,6.775,2024-08-06 22:00:00
124,0.011999999999989797,5.5,2024-08-06 22:15:00
125,0.22000000000000242,5.75,2024-08-06 22:30:00
126,,,2024-08-06 22:45:00
127,,,2024-08-06 23:00:00
128,,,2024-08-06 23:15:00
129,,,2024-08-06 23:30:00
130,,,2024-08-06 23:45:00
131,,,2024-08-07 00:00:00
132,,,2024-08-07 00:15:00
133,,,2024-08-07 00:30:00
134,,,2024-08-07 00:45:00
135,,,2024-08-07 01:00:00
136,,,2024-08-07 01:15:00
137,,,2024-08-07 01:30:00
138,,,2024-08-07 01:45:00
139,,,2024-08-07 02:00:00
140,,,2024-08-07 02:15:00
141,,,2024-08-07 02:30:00
142,,,2024-08-07 02:45:00
143,,,2024-08-07 03:00:00
144,,,2024-08-07 03:15:00
145,,,2024-08-07 03:30:00
146,0.04499999999998394,6.75,2024-08-07 03:45:00
147,0.2710000000000079,6.25,2024-08-07 04:00:00
148,0.3989999999999938,5.75,2024-08-07 04:15:00
149,0.33500000000000085,6.25,2024-08-07 04:30:00
150,0.17099999999999227,7.5,2024-08-07 04:45:00
151,0.10199999999999321,8.775,2024-08-07 05:00:00
152,0.06199999999999761,10.025,2024-08-07 05:15:00
153,0.002500000000011937,7.525,2024-08-07 05:30:00
154,0.0,5.0875,2024-08-07 05:45:00
155,0.09800000000000253,3.8125,2024-08-07 06:00:00
156,0.3819999999999979,2.5625,2024-08-07 06:15:00
157,0.47900000000000276,4.0625,2024-08-07 06:30:00
158,0.4839999999999911,4.0625,2024-08-07 06:45:00
159,0.4849999999999888,2.875,2024-08-07 07:00:00
160,0.2522499999999894,1.8125,2024-08-07 07:15:00
161,0.3462500000000013,0.5,2024-08-07 07:30:00
162,0.49725000000000463,0.6875,2024-08-07 07:45:00
163,0.8670000000000044,0.6875,2024-08-07 08:00:00
164,0.8489999999999931,0.5625,2024-08-07 08:15:00
165,0.8549999999999969,0.625,2024-08-07 08:30:00
166,0.8520000000000039,0.4375,2024-08-07 08:45:00
167,0.752000000000006,0.4375,2024-08-07 09:00:00
168,1.6610000000000014,0.4375,2024-08-07 09:15:00
169,1.235999999999997,1.6875,2024-08-07 09:30:00
170,0.9039999999999893,1.8125,2024-08-07 09:45:00
171,1.833000000000009,1.875,2024-08-07 10:00:00
172,2.4019999999999975,1.875,2024-08-07 10:15:00
173,1.247999999999987,0.5625,2024-08-07 10:30:00
174,1.2390000000000079,0.4375,2024-08-07 10:45:00
175,0.8740000000000059,0.375,2024-08-07 11:00:00
176,1.5949999999999953,0.5625,2024-08-07 11:15:00
177,1.2560000000000038,0.75,2024-08-07 11:30:00
178,1.6900000000000048,1.0625,2024-08-07 11:45:00
179,1.5509999999999913,1.125,2024-08-07 12:00:00
180,1.0909999999999975,1.0625,2024-08-07 12:15:00
181,0.6039999999999957,0.8125,2024-08-07 12:30:00
182,0.9740000000000038,0.5625,2024-08-07 12:45:00
183,1.5670000000000073,0.8125,2024-08-07 13:00:00
184,1.8740000000000023,1.125,2024-08-07 13:15:00
185,1.786999999999992,1.1875,2024-08-07 13:30:00
186,1.2769999999999904,1.25,2024-08-07 13:45:00
187,1.8839999999999968,1.375,2024-08-07 14:00:00
188,0.818000000000012,1.25,2024-08-07 14:15:00
189,0.5400000000000027,1.5625,2024-08-07 14:30:00
190,1.5679999999999872,1.875,2024-08-07 14:45:00
191,2.3739999999999917,1.75,2024-08-07 15:00:00
192,1.0809999999999853,2.125,2024-08-07 15:15:00
193,1.0489999999999888,2.375,2024-08-07 15:30:00
194,0.8060000000000045,2.625,2024-08-07 15:45:00
195,2.080000000000002,3.0,2024-08-07 16:00:00
196,2.4019999999999975,3.25,2024-08-07 16:15:00
197,0.6150000000000055,3.0,2024-08-07 16:30:00
198,0.8089999999999975,3.0,2024-08-07 16:45:00
199,0.5210000000000115,3.25,2024-08-07 17:00:00
200,0.6129999999999924,3.25,2024-08-07 17:15:00
201,0.4630000000000045,3.25,2024-08-07 17:30:00
202,0.03400000000000958,2.5,2024-08-07 17:45:00
203,0.0,1.5,2024-08-07 18:00:00
204,0.0,2.0,2024-08-07 18:15:00
205,0.4039999999999999,3.0,2024-08-07 18:30:00
206,0.9140000000000015,4.0,2024-08-07 18:45:00
207,0.968,5.25,2024-08-07 19:00:00
208,0.7949999999999946,5.0,2024-08-07 19:15:00
209,0.5070000000000086,5.25,2024-08-07 19:30:00
210,0.3589999999999982,6.75,2024-08-07 19:45:00
211,0.3420000000000023,7.0,2024-08-07 20:00:00
212,1.1280000000000001,7.25,2024-08-07 20:15:00
213,1.5499999999999936,6.25,2024-08-07 20:30:00
214,0.6419999999999959,4.5,2024-08-07 20:45:00
215,0.32700000000000173,3.0625,2024-08-07 21:00:00
216,0.6980000000000075,3.3125,2024-08-07 21:15:00
217,1.2010000000000076,4.3125,2024-08-07 21:30:00
218,0.907,5.5625,2024-08-07 21:45:00
219,0.3450000000000131,7.5,2024-08-07 22:00:00
220,0.03699999999998482,5.75,2024-08-07 22:15:00
221,0.0,4.0,2024-08-07 22:30:00
222,,,2024-08-07 22:45:00
223,,,2024-08-07 23:00:00
224,,,2024-08-07 23:15:00
225,,,2024-08-07 23:30:00
226,,,2024-08-07 23:45:00
227,,,2024-08-08 00:00:00
228,,,2024-08-08 00:15:00
229,,,2024-08-08 00:30:00
230,,,2024-08-08 00:45:00
231,,,2024-08-08 01:00:00
232,,,2024-08-08 01:15:00
233,,,2024-08-08 01:30:00
234,,,2024-08-08 01:45:00
235,,,2024-08-08 02:00:00
236,,,2024-08-08 02:15:00
237,,,2024-08-08 02:30:00
238,,,2024-08-08 02:45:00
239,,,2024-08-08 03:00:00
240,,,2024-08-08 03:15:00
241,,,2024-08-08 03:30:00
242,0.9940000000000104,8.5,2024-08-08 03:45:00
243,0.9740000000000038,9.0,2024-08-08 04:00:00
244,0.30600000000001515,8.0,2024-08-08 04:15:00
245,0.05499999999999616,6.0,2024-08-08 04:30:00
246,0.0,3.5,2024-08-08 04:45:00
247,0.0,1.0625,2024-08-08 05:00:00
248,0.03324999999998468,0.0625,2024-08-08 05:15:00
249,0.0,0.5625,2024-08-08 05:30:00
250,0.20550000000000068,2.5625,2024-08-08 05:45:00
251,0.3164999999999907,4.5,2024-08-08 06:00:00
252,0.4269999999999996,7.0,2024-08-08 06:15:00
253,0.26825000000000543,9.0,2024-08-08 06:30:00
254,0.5090000000000039,9.5,2024-08-08 06:45:00
255,0.6969999999999921,7.625,2024-08-08 07:00:00
256,0.3279999999999994,5.25,2024-08-08 07:15:00
257,0.4020000000000046,2.8125,2024-08-08 07:30:00
258,0.4720000000000013,0.375,2024-08-08 07:45:00
259,0.546249999999997,0.3125,2024-08-08 08:00:00
260,0.884999999999998,0.4375,2024-08-08 08:15:00
261,1.3349999999999973,0.4375,2024-08-08 08:30:00
262,1.1079999999999934,0.4375,2024-08-08 08:45:00
263,1.3599999999999923,0.75,2024-08-08 09:00:00
264,0.5430000000000135,0.5625,2024-08-08 09:15:00
265,0.5150000000000077,0.5625,2024-08-08 09:30:00
266,1.0109999999999886,0.6875,2024-08-08 09:45:00
267,1.507000000000005,0.4375,2024-08-08 10:00:00
268,1.3100000000000023,0.4375,2024-08-08 10:15:00
269,0.9339999999999904,0.4375,2024-08-08 10:30:00
270,1.2450000000000117,0.3125,2024-08-08 10:45:00
271,0.8719999999999928,0.3125,2024-08-08 11:00:00
272,1.122999999999994,0.625,2024-08-08 11:15:00
273,1.266999999999996,0.75,2024-08-08 11:30:00
274,1.5300000000000047,0.875,2024-08-08 11:45:00
275,1.5029999999999966,0.8125,2024-08-08 12:00:00
276,0.7859999999999978,0.9375,2024-08-08 12:15:00
277,1.4259999999999984,0.9375,2024-08-08 12:30:00
278,1.1100000000000065,1.75,2024-08-08 12:45:00
279,0.47000000000000597,2.1875,2024-08-08 13:00:00
280,0.36599999999999966,1.875,2024-08-08 13:15:00
281,1.852999999999998,1.9375,2024-08-08 13:30:00
282,0.9440000000000026,0.9375,2024-08-08 13:45:00
283,0.0,0.625,2024-08-08 14:00:00
284,0.3030000000000044,2.4375,2024-08-08 14:15:00
285,1.1430000000000007,4.6875,2024-08-08 14:30:00
286,0.9179999999999922,5.0625,2024-08-08 14:45:00
287,1.70300000000001,5.375,2024-08-08 15:00:00
288,0.8889999999999887,4.125,2024-08-08 15:15:00
289,0.25000000000000355,2.375,2024-08-08 15:30:00
290,3.744000000000014,2.5,2024-08-08 15:45:00
291,2.29000000000001,3.25,2024-08-08 16:00:00
292,0.40300000000000225,3.75,2024-08-08 16:15:00
293,1.0519999999999996,4.25,2024-08-08 16:30:00
294,0.3810000000000002,6.25,2024-08-08 16:45:00
295,0.09600000000000719,5.25,2024-08-08 17:00:00
296,0.3819999999999979,4.375,2024-08-08 17:15:00
297,0.5530000000000079,3.125,2024-08-08 17:30:00
298,0.0,0.625,2024-08-08 17:45:00
299,0.0,0.875,2024-08-08 18:00:00
300,0.129999999999999,1.25,2024-08-08 18:15:00
301,0.8549999999999969,2.75,2024-08-08 18:30:00
302,0.8490000000000109,4.5,2024-08-08 18:45:00
303,0.36099999999999355,4.5,2024-08-08 19:00:00
304,0.06899999999999906,4.5,2024-08-08 19:15:00
305,0.5429999999999957,4.0,2024-08-08 19:30:00
306,0.6930000000000014,2.25,2024-08-08 19:45:00
307,0.0,3.75,2024-08-08 20:00:00
308,0.4349999999999987,5.0,2024-08-08 20:15:00
309,0.14499999999999957,4.75,2024-08-08 20:30:00
310,0.057000000000009265,5.5,2024-08-08 20:45:00
311,0.4100000000000037,3.6875,2024-08-08 21:00:00
312,0.4809999999999981,1.75,2024-08-08 21:15:00
313,0.5139999999999922,1.375,2024-08-08 21:30:00
314,0.5990000000000073,0.75,2024-08-08 21:45:00
315,0.40000000000000924,3.0875,2024-08-08 22:00:00
316,0.07800000000001361,5.55,2024-08-08 22:15:00
317,0.20200000000000884,7.675,2024-08-08 22:30:00
318,,,2024-08-08 22:45:00
319,,,2024-08-08 23:00:00
320,,,2024-08-08 23:15:00
321,,,2024-08-08 23:30:00
322,,,2024-08-08 23:45:00
323,,,2024-08-09 00:00:00
324,,,2024-08-09 00:15:00
325,,,2024-08-09 00:30:00
326,,,2024-08-09 00:45:00
327,,,2024-08-09 01:00:00
328,,,2024-08-09 01:15:00
329,,,2024-08-09 01:30:00
330,,,2024-08-09 01:45:00
331,,,2024-08-09 02:00:00
332,,,2024-08-09 02:15:00
333,,,2024-08-09 02:30:00
334,,,2024-08-09 02:45:00
335,,,2024-08-09 03:00:00
336,,,2024-08-09 03:15:00
337,,,2024-08-09 03:30:00
338,0.0,3.5,2024-08-09 03:45:00
339,0.0,4.275,2024-08-09 04:00:00
340,0.06125000000000824,5.05,2024-08-09 04:15:00
341,0.11375000000001023,7.05,2024-08-09 04:30:00
342,0.022999999999999687,7.05,2024-08-09 04:45:00
343,0.0,4.5875,2024-08-09 05:00:00
344,0.07025000000000503,2.1875,2024-08-09 05:15:00
345,0.12599999999999056,0.1875,2024-08-09 05:30:00
346,0.0,0.25,2024-08-09 05:45:00
347,0.029249999999994003,0.9375,2024-08-09 06:00:00
348,0.016999999999995907,3.3125,2024-08-09 06:15:00
349,0.014000000000002899,3.375,2024-08-09 06:30:00
350,0.14599999999999724,3.4375,2024-08-09 06:45:00
351,0.21699999999999164,2.8125,2024-08-09 07:00:00
352,0.2930000000000099,0.375,2024-08-09 07:15:00
353,0.3920000000000101,0.375,2024-08-09 07:30:00
354,0.46299999999998676,0.4375,2024-08-09 07:45:00
355,0.710999999999995,0.4375,2024-08-09 08:00:00
356,0.799000000000003,0.4375,2024-08-09 08:15:00
357,0.8694999999999986,0.4375,2024-08-09 08:30:00
358,0.8750000000000036,0.3125,2024-08-09 08:45:00
359,0.7665000000000077,0.25,2024-08-09 09:00:00
360,1.1389999999999922,0.3125,2024-08-09 09:15:00
361,1.178000000000008,0.375,2024-08-09 09:30:00
362,1.7910000000000004,0.375,2024-08-09 09:45:00
363,1.0309999999999953,0.5,2024-08-09 10:00:00
364,1.0189999999999877,0.5625,2024-08-09 10:15:00
365,2.6559999999999917,0.6875,2024-08-09 10:30:00
366,2.0450000000000124,1.125,2024-08-09 10:45:00
367,1.1209999999999987,1.4375,2024-08-09 11:00:00
368,1.5840000000000032,1.375,2024-08-09 11:15:00
369,1.3729999999999976,2.125,2024-08-09 11:30:00
370,0.9179999999999922,2.125,2024-08-09 11:45:00
371,0.10400000000000631,1.875,2024-08-09 12:00:00
372,2.4379999999999846,1.9375,2024-08-09 12:15:00
373,1.8549999999999933,2.4375,2024-08-09 12:30:00
374,0.1389999999999958,2.0,2024-08-09 12:45:00
375,0.5440000000000111,2.0,2024-08-09 13:00:00
376,0.6360000000000099,2.3125,2024-08-09 13:15:00
377,0.35800000000000054,1.1875,2024-08-09 13:30:00
378,0.7980000000000054,1.3125,2024-08-09 13:45:00
379,1.1239999999999917,1.25,2024-08-09 14:00:00
380,1.1249999999999893,1.125,2024-08-09 14:15:00
381,1.1169999999999902,1.0,2024-08-09 14:30:00
382,0.48799999999999955,1.3125,2024-08-09 14:45:00
383,0.15100000000000335,1.625,2024-08-09 15:00:00
384,0.38000000000000256,1.75,2024-08-09 15:15:00
385,0.6349999999999945,2.25,2024-08-09 15:30:00
386,0.9270000000000067,2.5,2024-08-09 15:45:00
387,2.9160000000000075,2.75,2024-08-09 16:00:00
388,2.745999999999995,3.25,2024-08-09 16:15:00
389,0.028000000000005798,2.5,2024-08-09 16:30:00
390,0.0,2.75,2024-08-09 16:45:00
391,0.8539999999999992,3.0,2024-08-09 17:00:00
392,0.8769999999999989,4.5,2024-08-09 17:15:00
393,0.021999999999984254,5.5,2024-08-09 17:30:00
394,0.1469999999999949,7.025,2024-08-09 17:45:00
395,0.014000000000002899,6.4,2024-08-09 18:00:00
396,0.058000000000006935,4.9,2024-08-09 18:15:00
397,1.4620000000000033,4.9,2024-08-09 18:30:00
398,1.6969999999999885,3.625,2024-08-09 18:45:00
399,0.033999999999991815,4.25,2024-08-09 19:00:00
400,0.19775000000000986,4.25,2024-08-09 19:15:00
401,0.5299999999999905,3.25,2024-08-09 19:30:00
402,0.0,3.25,2024-08-09 19:45:00
403,0.004000000000008441,4.25,2024-08-09 20:00:00
404,0.024999999999995026,3.375,2024-08-09 20:15:00
405,0.029999999999983373,4.625,2024-08-09 20:30:00
406,0.36599999999999966,4.375,2024-08-09 20:45:00
407,0.05599999999999383,3.375,2024-08-09 21:00:00
408,0.4800000000000004,4.25,2024-08-09 21:15:00
409,0.5649999999999977,4.25,2024-08-09 21:30:00
410,0.9779999999999944,4.5,2024-08-09 21:45:00
411,0.9602500000000092,4.75,2024-08-09 22:00:00
412,0.46200000000000685,5.25,2024-08-09 22:15:00
413,0.12399999999999523,5.5,2024-08-09 22:30:00
414,,,2024-08-09 22:45:00
415,,,2024-08-09 23:00:00
416,,,2024-08-09 23:15:00
417,,,2024-08-09 23:30:00
418,,,2024-08-09 23:45:00
419,,,2024-08-10 00:00:00
420,,,2024-08-10 00:15:00
421,,,2024-08-10 00:30:00
422,,,2024-08-10 00:45:00
423,,,2024-08-10 01:00:00
424,,,2024-08-10 01:15:00
425,,,2024-08-10 01:30:00
426,,,2024-08-10 01:45:00
427,,,2024-08-10 02:00:00
428,,,2024-08-10 02:15:00
429,,,2024-08-10 02:30:00
430,,,2024-08-10 02:45:00
431,,,2024-08-10 03:00:00
432,,,2024-08-10 03:15:00
433,,,2024-08-10 03:30:00
434,0.0,4.5,2024-08-10 03:45:00
435,0.001249999999988205,3.0,2024-08-10 04:00:00
436,0.014000000000002899,4.0,2024-08-10 04:15:00
437,0.09450000000001069,6.5,2024-08-10 04:30:00
438,0.047999999999994714,4.5,2024-08-10 04:45:00
439,0.0,6.0,2024-08-10 05:00:00
440,0.07699999999999818,7.525,2024-08-10 05:15:00
441,0.025999999999992696,6.525,2024-08-10 05:30:00
442,0.0009999999999976694,8.275,2024-08-10 05:45:00
443,0.01300000000000523,5.8375,2024-08-10 06:00:00
444,0.20649999999999835,3.4375,2024-08-10 06:15:00
445,0.10500000000000398,2.0625,2024-08-10 06:30:00
446,0.07374999999999687,0.375,2024-08-10 06:45:00
447,0.28200000000000003,0.4375,2024-08-10 07:00:00
448,0.34124999999999517,0.375,2024-08-10 07:15:00
449,0.5049999999999955,0.3125,2024-08-10 07:30:00
450,0.7030000000000136,0.3125,2024-08-10 07:45:00
451,0.5869999999999997,0.25,2024-08-10 08:00:00
452,0.4889999999999972,0.3125,2024-08-10 08:15:00
453,0.17900000000000915,0.5,2024-08-10 08:30:00
454,0.038999999999997925,0.625,2024-08-10 08:45:00
455,0.6659999999999933,0.75,2024-08-10 09:00:00
456,1.3100000000000023,0.875,2024-08-10 09:15:00
457,1.637000000000004,0.6875,2024-08-10 09:30:00
458,0.8220000000000027,0.875,2024-08-10 09:45:00
459,0.9794999999999909,0.875,2024-08-10 10:00:00
460,1.158999999999999,0.6875,2024-08-10 10:15:00
461,0.3029999999999866,0.75,2024-08-10 10:30:00
462,0.6574999999999953,1.125,2024-08-10 10:45:00
463,0.9050000000000047,2.1875,2024-08-10 11:00:00
464,1.1694999999999922,3.625,2024-08-10 11:15:00
465,1.0039999999999871,3.5,2024-08-10 11:30:00
466,0.0,5.25,2024-08-10 11:45:00
467,0.3080000000000105,4.125,2024-08-10 12:00:00
468,0.48500000000000654,3.125,2024-08-10 12:15:00
469,0.7169999999999987,3.5,2024-08-10 12:30:00
470,1.120000000000001,1.1875,2024-08-10 12:45:00
471,1.2489999999999846,1.3125,2024-08-10 13:00:00
472,1.4230000000000054,1.0,2024-08-10 13:15:00
473,1.2200000000000166,1.375,2024-08-10 13:30:00
474,0.7530000000000037,1.3125,2024-08-10 13:45:00
475,1.1379999999999946,1.3125,2024-08-10 14:00:00
476,1.76499999999999,1.3125,2024-08-10 14:15:00
477,1.899999999999995,0.625,2024-08-10 14:30:00
478,0.3030000000000044,1.75,2024-08-10 14:45:00
479,0.22000000000000242,1.6875,2024-08-10 15:00:00
480,0.39400000000000546,1.75,2024-08-10 15:15:00
481,1.0130000000000017,2.6875,2024-08-10 15:30:00
482,0.06800000000000139,1.8125,2024-08-10 15:45:00
483,1.504999999999992,2.125,2024-08-10 16:00:00
484,2.0730000000000004,2.375,2024-08-10 16:15:00
485,0.9349999999999881,2.125,2024-08-10 16:30:00
486,1.6589999999999883,2.5,2024-08-10 16:45:00
487,2.345000000000006,2.5,2024-08-10 17:00:00
488,0.05499999999999616,4.5,2024-08-10 17:15:00
489,0.02000000000000668,4.5,2024-08-10 17:30:00
490,0.6939999999999991,4.5,2024-08-10 17:45:00
491,0.2919999999999945,4.75,2024-08-10 18:00:00
492,1.0060000000000002,3.0,2024-08-10 18:15:00
493,2.1340000000000003,3.0,2024-08-10 18:30:00
494,0.2660000000000018,4.75,2024-08-10 18:45:00
495,0.02600000000001046,5.0,2024-08-10 19:00:00
496,0.34699999999999065,5.25,2024-08-10 19:15:00
497,1.5090000000000003,5.5,2024-08-10 19:30:00
498,1.186000000000007,4.25,2024-08-10 19:45:00
499,1.086999999999989,4.5,2024-08-10 20:00:00
500,0.8450000000000024,5.0,2024-08-10 20:15:00
501,0.18499999999999517,5.5,2024-08-10 20:30:00
502,0.907,5.5,2024-08-10 20:45:00
503,0.01700000000001367,4.25,2024-08-10 21:00:00
504,0.0,4.25,2024-08-10 21:15:00
505,0.4439999999999955,4.25,2024-08-10 21:30:00
506,0.5227499999999985,5.525,2024-08-10 21:45:00
507,0.21099999999998786,8.05,2024-08-10 22:00:00
508,0.23025000000000517,8.3,2024-08-10 22:15:00
509,0.4290000000000127,8.55,2024-08-10 22:30:00
510,,,2024-08-10 22:45:00
511,,,2024-08-10 23:00:00
512,,,2024-08-10 23:15:00
513,,,2024-08-10 23:30:00
514,,,2024-08-10 23:45:00
515,,,2024-08-11 00:00:00
516,,,2024-08-11 00:15:00
517,,,2024-08-11 00:30:00
518,,,2024-08-11 00:45:00
519,,,2024-08-11 01:00:00
520,,,2024-08-11 01:15:00
521,,,2024-08-11 01:30:00
522,,,2024-08-11 01:45:00
523,,,2024-08-11 02:00:00
524,,,2024-08-11 02:15:00
525,,,2024-08-11 02:30:00
526,,,2024-08-11 02:45:00
527,,,2024-08-11 03:00:00
528,,,2024-08-11 03:15:00
529,,,2024-08-11 03:30:00
530,0.0,1.25,2024-08-11 03:45:00
531,0.0,0.0,2024-08-11 04:00:00
532,0.0,0.0,2024-08-11 04:15:00
533,0.0,0.0,2024-08-11 04:30:00
534,0.0,0.0,2024-08-11 04:45:00
535,0.0,0.0,2024-08-11 05:00:00
536,0.0,1.5,2024-08-11 05:15:00
537,0.003750000000000142,1.5,2024-08-11 05:30:00
538,0.0,1.5625,2024-08-11 05:45:00
539,0.038000000000000256,3.5625,2024-08-11 06:00:00
540,0.009999999999994458,4.0625,2024-08-11 06:15:00
541,0.0070000000000014495,4.125,2024-08-11 06:30:00
542,0.4449999999999932,4.125,2024-08-11 06:45:00
543,0.4367500000000035,2.25,2024-08-11 07:00:00
544,0.21625000000000227,0.4375,2024-08-11 07:15:00
545,0.2567499999999967,0.4375,2024-08-11 07:30:00
546,0.5487499999999912,0.4375,2024-08-11 07:45:00
547,0.8410000000000117,0.375,2024-08-11 08:00:00
548,0.9609999999999985,0.25,2024-08-11 08:15:00
549,1.3614999999999888,0.25,2024-08-11 08:30:00
550,1.3540000000000063,0.25,2024-08-11 08:45:00
551,0.7125000000000092,0.375,2024-08-11 09:00:00
552,0.7719999999999949,0.5,2024-08-11 09:15:00
553,1.3339999999999996,0.5625,2024-08-11 09:30:00
554,3.1259999999999977,0.5625,2024-08-11 09:45:00
555,2.9100000000000037,0.625,2024-08-11 10:00:00
556,1.8599999999999994,0.9375,2024-08-11 10:15:00
557,0.2400000000000091,0.875,2024-08-11 10:30:00
558,1.0899999999999999,1.0,2024-08-11 10:45:00
559,1.7579999999999885,1.0,2024-08-11 11:00:00
560,1.7350000000000065,0.5625,2024-08-11 11:15:00
561,3.2949999999999946,0.5625,2024-08-11 11:30:00
562,2.143999999999995,2.875,2024-08-11 11:45:00
563,0.01900000000000901,2.8125,2024-08-11 12:00:00
564,2.1910000000000096,2.9375,2024-08-11 12:15:00
565,2.895000000000003,3.375,2024-08-11 12:30:00
566,0.7869999999999955,1.625,2024-08-11 12:45:00
567,0.1670000000000016,2.4375,2024-08-11 13:00:00
568,0.7099999999999973,3.0,2024-08-11 13:15:00
569,0.7039999999999935,4.5,2024-08-11 13:30:00
570,0.31599999999999184,5.5,2024-08-11 13:45:00
571,0.3369999999999962,5.0,2024-08-11 14:00:00
572,0.710999999999995,5.5,2024-08-11 14:15:00
573,0.8239999999999981,4.5,2024-08-11 14:30:00
574,0.4019999999999868,3.0,2024-08-11 14:45:00
575,0.6160000000000032,3.5,2024-08-11 15:00:00
576,1.0240000000000116,4.0,2024-08-11 15:15:00
577,0.5470000000000041,3.0625,2024-08-11 15:30:00
578,0.08000000000000895,2.8125,2024-08-11 15:45:00
579,0.0,3.0625,2024-08-11 16:00:00
580,0.15900000000000247,2.8125,2024-08-11 16:15:00
581,0.32700000000000173,3.75,2024-08-11 16:30:00
582,0.3139999999999965,3.75,2024-08-11 16:45:00
583,0.0,5.0,2024-08-11 17:00:00
584,0.1389999999999958,5.0,2024-08-11 17:15:00
585,0.1529999999999987,5.75,2024-08-11 17:30:00
586,0.1440000000000019,8.275,2024-08-11 17:45:00
587,0.04399999999998627,8.3,2024-08-11 18:00:00
588,0.02100000000000435,9.3,2024-08-11 18:15:00
589,0.046999999999997044,7.55,2024-08-11 18:30:00
590,0.0,5.025,2024-08-11 18:45:00
591,0.0,2.5,2024-08-11 19:00:00
592,0.0,0.0,2024-08-11 19:15:00
593,0.0,0.1875,2024-08-11 19:30:00
594,0.01200000000000756,0.375,2024-08-11 19:45:00
595,0.1404999999999923,0.5,2024-08-11 20:00:00
596,0.038000000000000256,0.625,2024-08-11 20:15:00
597,0.01200000000000756,2.4375,2024-08-11 20:30:00
598,0.2230000000000132,3.25,2024-08-11 20:45:00
599,0.018999999999991246,3.125,2024-08-11 21:00:00
600,0.0,3.0,2024-08-11 21:15:00
601,0.0,1.0625,2024-08-11 21:30:00
602,0.17524999999999125,0.125,2024-08-11 21:45:00
603,0.015000000000000568,0.125,2024-08-11 22:00:00
604,0.0,0.125,2024-08-11 22:15:00
605,0.0,0.125,2024-08-11 22:30:00
606,,,2024-08-11 22:45:00
607,,,2024-08-11 23:00:00
608,,,2024-08-11 23:15:00
609,,,2024-08-11 23:30:00
610,,,2024-08-11 23:45:00
611,,,2024-08-12 00:00:00
612,,,2024-08-12 00:15:00
613,,,2024-08-12 00:30:00
614,,,2024-08-12 00:45:00
615,,,2024-08-12 01:00:00
616,,,2024-08-12 01:15:00
617,,,2024-08-12 01:30:00
618,,,2024-08-12 01:45:00
619,,,2024-08-12 02:00:00
620,,,2024-08-12 02:15:00
621,,,2024-08-12 02:30:00
622,,,2024-08-12 02:45:00
623,,,2024-08-12 03:00:00
624,,,2024-08-12 03:15:00
625,,,2024-08-12 03:30:00
626,0.0,0.0625,2024-08-12 03:45:00
627,0.0,0.0,2024-08-12 04:00:00
628,0.0,0.0625,2024-08-12 04:15:00
629,0.013999999999985135,0.125,2024-08-12 04:30:00
630,0.03500000000000725,1.875,2024-08-12 04:45:00
631,0.015000000000000568,1.875,2024-08-12 05:00:00
632,0.0,1.9375,2024-08-12 05:15:00
633,0.002250000000003638,2.0625,2024-08-12 05:30:00
634,0.011999999999989797,0.4375,2024-08-12 05:45:00
635,0.009750000000003922,1.9375,2024-08-12 06:00:00
636,0.029000000000003467,3.5625,2024-08-12 06:15:00
637,0.07999999999999119,3.4375,2024-08-12 06:30:00
638,0.2859999999999907,3.4375,2024-08-12 06:45:00
639,0.2462500000000034,2.0625,2024-08-12 07:00:00
640,0.23999999999999133,0.5,2024-08-12 07:15:00
641,0.44050000000000367,0.625,2024-08-12 07:30:00
642,0.647000000000002,0.5625,2024-08-12 07:45:00
643,0.8460000000000001,0.6875,2024-08-12 08:00:00
644,1.0630000000000095,0.75,2024-08-12 08:15:00
645,1.4317499999999939,0.9375,2024-08-12 08:30:00
646,0.34399999999999764,1.25,2024-08-12 08:45:00
647,0.6987499999999969,1.25,2024-08-12 09:00:00
648,1.2149999999999928,1.0625,2024-08-12 09:15:00
649,0.8225000000000016,0.75,2024-08-12 09:30:00
650,1.573999999999991,0.5,2024-08-12 09:45:00
651,1.3185000000000002,0.3125,2024-08-12 10:00:00
652,0.8750000000000036,0.3125,2024-08-12 10:15:00
653,1.161999999999992,0.3125,2024-08-12 10:30:00
654,1.0239999999999938,0.5625,2024-08-12 10:45:00
655,0.5219999999999914,0.75,2024-08-12 11:00:00
656,0.9534999999999982,0.75,2024-08-12 11:15:00
657,1.5270000000000117,0.875,2024-08-12 11:30:00
658,1.4530000000000065,0.5625,2024-08-12 12:45:00
659,1.9650000000000034,0.8125,2024-08-12 13:00:00
660,1.9539999999999935,0.9375,2024-08-12 13:15:00
661,1.1779999999999902,0.9375,2024-08-12 13:30:00
662,1.012000000000004,1.125,2024-08-12 13:45:00
663,0.7000000000000028,0.875,2024-08-12 14:00:00
664,1.1029999999999873,0.9375,2024-08-12 14:15:00
665,1.6479999999999961,1.25,2024-08-12 14:30:00
666,0.8170000000000144,1.375,2024-08-12 14:45:00
667,0.31200000000000117,1.625,2024-08-12 15:00:00
668,0.9189999999999898,1.875,2024-08-12 15:15:00
669,2.1419999999999995,1.875,2024-08-12 15:30:00
670,1.7149999999999999,2.0,2024-08-12 15:45:00
671,0.943000000000005,2.25,2024-08-12 16:00:00
672,1.382999999999992,2.125,2024-08-12 16:15:00
673,0.08900000000000574,1.6875,2024-08-12 16:30:00
674,0.21100000000000563,1.9375,2024-08-12 16:45:00
675,0.11900000000000688,3.1875,2024-08-12 17:00:00
676,0.012999999999987466,3.8125,2024-08-12 17:15:00
677,0.6489999999999974,4.75,2024-08-12 17:30:00
678,2.636000000000003,5.0,2024-08-12 17:45:00
679,2.058,4.25,2024-08-12 18:00:00
680,1.235999999999997,4.5,2024-08-12 18:15:00
681,2.0279999999999987,5.0,2024-08-12 18:30:00
682,0.6439999999999912,5.5,2024-08-12 18:45:00
683,0.671999999999997,5.5,2024-08-12 19:00:00
684,0.3500000000000014,5.5,2024-08-12 19:15:00
685,0.040999999999993264,5.5,2024-08-12 19:30:00
686,0.4349999999999987,5.5,2024-08-12 19:45:00
687,0.7140000000000057,4.25,2024-08-12 20:00:00
688,0.0,4.5,2024-08-12 20:15:00
689,0.07799999999999585,4.5,2024-08-12 20:30:00
690,0.10399999999998855,4.75,2024-08-12 20:45:00
691,0.5989999999999895,6.5,2024-08-12 21:00:00
692,0.8479999999999954,6.75,2024-08-12 21:15:00
693,0.23699999999999832,7.775,2024-08-12 21:30:00
694,0.045000000000001705,8.025,2024-08-12 21:45:00
695,0.389999999999997,8.775,2024-08-12 22:00:00
696,0.015750000000007702,9.025,2024-08-12 22:15:00
697,0.1159999999999961,8.5,2024-08-12 22:30:00
698,,,2024-08-12 22:45:00
699,,,2024-08-12 23:00:00
700,,,2024-08-12 23:15:00
701,,,2024-08-12 23:30:00
702,,,2024-08-12 23:45:00
703,,,2024-08-13 00:00:00
704,,,2024-08-13 00:15:00
705,,,2024-08-13 00:30:00
706,,,2024-08-13 00:45:00
707,,,2024-08-13 01:00:00
708,,,2024-08-13 01:15:00
709,,,2024-08-13 01:30:00
710,,,2024-08-13 01:45:00
711,,,2024-08-13 02:00:00
712,,,2024-08-13 02:15:00
713,,,2024-08-13 02:30:00
714,,,2024-08-13 02:45:00
715,,,2024-08-13 03:00:00
716,,,2024-08-13 03:15:00
717,,,2024-08-13 03:30:00
718,0.022999999999999687,1.375,2024-08-13 03:45:00
719,0.17099999999999227,1.0625,2024-08-13 04:00:00
720,0.20100000000001117,1.125,2024-08-13 04:15:00
721,0.10600000000000165,0.875,2024-08-13 04:30:00
722,0.0,0.875,2024-08-13 04:45:00
723,0.10300000000000864,1.5625,2024-08-13 05:00:00
724,0.03699999999998482,1.5,2024-08-13 05:15:00
725,0.0,1.5625,2024-08-13 05:30:00
726,0.059000000000004604,0.875,2024-08-13 05:45:00
727,0.018999999999991246,0.125,2024-08-13 06:00:00
728,0.0,2.125,2024-08-13 06:15:00
729,0.030000000000001137,2.125,2024-08-13 06:30:00
730,0.2510000000000012,2.125,2024-08-13 06:45:00
731,0.16899999999999693,2.3125,2024-08-13 07:00:00
732,0.08699999999999264,0.4375,2024-08-13 07:15:00
733,0.13600000000000279,0.4375,2024-08-13 07:30:00
734,0.18599999999999284,0.4375,2024-08-13 07:45:00
735,0.367999999999995,0.3125,2024-08-13 08:00:00
736,0.3200000000000003,0.3125,2024-08-13 08:15:00
737,0.13599999999998502,0.375,2024-08-13 08:30:00
738,0.23200000000000998,0.4375,2024-08-13 08:45:00
739,0.42200000000001125,0.4375,2024-08-13 09:00:00
740,0.6569999999999965,0.375,2024-08-13 09:15:00
741,1.0970000000000013,2.775,2024-08-13 09:30:00
742,0.05499999999999616,4.65,2024-08-13 09:45:00
743,0.038000000000000256,4.7125,2024-08-13 10:00:00
744,1.7790000000000106,4.7125,2024-08-13 10:15:00
745,4.802,2.25,2024-08-13 10:30:00
746,2.132999999999985,0.75,2024-08-13 10:45:00
747,1.0229999999999961,0.75,2024-08-13 11:00:00
748,2.596999999999987,0.875,2024-08-13 11:15:00
749,0.7449999999999868,1.3125,2024-08-13 11:30:00
750,1.4809999999999945,1.1875,2024-08-13 11:45:00
751,1.1010000000000097,1.8125,2024-08-13 12:00:00
752,1.2859999999999872,1.6875,2024-08-13 12:15:00
753,0.9210000000000029,1.5625,2024-08-13 12:30:00
754,0.6700000000000017,1.25,2024-08-13 12:45:00
755,1.313999999999993,0.875,2024-08-13 13:00:00
756,1.048000000000009,1.1875,2024-08-13 13:15:00
757,1.551999999999989,0.9375,2024-08-13 13:30:00
758,1.0180000000000078,1.0,2024-08-13 13:45:00
759,1.0829999999999984,2.125,2024-08-13 14:00:00
760,0.03200000000001424,2.125,2024-08-13 14:15:00
761,2.6999999999999957,2.375,2024-08-13 14:30:00
762,3.849999999999998,2.3125,2024-08-13 14:45:00
763,0.21399999999999864,1.3125,2024-08-13 15:00:00
764,1.0430000000000028,1.3125,2024-08-13 15:15:00
765,2.2470000000000034,1.4375,2024-08-13 15:30:00
766,0.38399999999999324,1.5625,2024-08-13 15:45:00
767,0.4010000000000069,1.5625,2024-08-13 16:00:00
768,1.269000000000009,1.9375,2024-08-13 16:15:00
769,1.2020000000000053,1.8125,2024-08-13 16:30:00
770,0.2970000000000006,1.875,2024-08-13 16:45:00
771,0.8799999999999919,1.875,2024-08-13 17:00:00
772,0.5879999999999974,1.625,2024-08-13 17:15:00
773,0.40599999999999525,3.75,2024-08-13 17:30:00
774,0.605999999999991,4.25,2024-08-13 17:45:00
775,0.9569999999999901,4.5,2024-08-13 18:00:00
776,1.2979999999999947,4.75,2024-08-13 18:15:00
777,1.7710000000000115,3.25,2024-08-13 18:30:00
778,0.34600000000001074,5.0,2024-08-13 18:45:00
779,0.26199999999999335,5.25,2024-08-13 19:00:00
780,0.4219999999999935,5.0,2024-08-13 19:15:00
781,0.10899999999999466,4.5,2024-08-13 19:30:00
782,0.3330000000000055,2.75,2024-08-13 19:45:00
783,0.5680000000000085,2.5,2024-08-13 20:00:00
784,0.132999999999992,3.0,2024-08-13 20:15:00
785,1.5000000000000036,3.5,2024-08-13 20:30:00
786,1.2229999999999919,5.25,2024-08-13 20:45:00
787,1.1599999999999966,6.5,2024-08-13 21:00:00
788,0.3619999999999912,6.25,2024-08-13 21:15:00
789,0.12599999999999056,6.5,2024-08-13 21:30:00
790,1.2962500000000077,5.25,2024-08-13 21:45:00
791,0.9339999999999904,4.75,2024-08-13 22:00:00
792,1.042500000000004,5.5,2024-08-13 22:15:00
793,0.9600000000000009,6.75,2024-08-13 22:30:00
794,,,2024-08-13 22:45:00
795,,,2024-08-13 23:00:00
796,,,2024-08-13 23:15:00
797,,,2024-08-13 23:30:00
798,,,2024-08-13 23:45:00
799,,,2024-08-14 00:00:00
800,,,2024-08-14 00:15:00
801,,,2024-08-14 00:30:00
802,,,2024-08-14 00:45:00
803,,,2024-08-14 01:00:00
804,,,2024-08-14 01:15:00
805,,,2024-08-14 01:30:00
806,,,2024-08-14 01:45:00
807,,,2024-08-14 02:00:00
808,,,2024-08-14 02:15:00
809,,,2024-08-14 02:30:00
810,,,2024-08-14 02:45:00
811,,,2024-08-14 03:00:00
812,,,2024-08-14 03:15:00
813,,,2024-08-14 03:30:00
814,0.24799999999999045,7.125,2024-08-14 03:45:00
815,0.2519999999999989,7.15,2024-08-14 04:00:00
816,0.3509999999999991,9.55,2024-08-14 04:15:00
817,0.2260000000000062,10.05,2024-08-14 04:30:00
818,0.056750000000000966,10.05,2024-08-14 04:45:00
819,0.09400000000001185,10.025,2024-08-14 05:00:00
820,0.1822499999999927,9.5,2024-08-14 05:15:00
821,0.038000000000000256,7.75,2024-08-14 05:30:00
822,0.2400000000000091,5.25,2024-08-14 05:45:00
823,0.0,4.75,2024-08-14 06:00:00
824,0.04899999999999238,4.25,2024-08-14 06:15:00
825,0.003999999999990678,3.6875,2024-08-14 06:30:00
826,0.003999999999990678,6.1875,2024-08-14 06:45:00
827,0.259999999999998,4.25,2024-08-14 07:00:00
828,0.12199999999999989,5.25,2024-08-14 07:15:00
829,0.1670000000000016,7.5625,2024-08-14 07:30:00
830,0.1440000000000019,5.125,2024-08-14 07:45:00
831,0.23600000000000065,5.125,2024-08-14 08:00:00
832,0.3880000000000017,2.6875,2024-08-14 08:15:00
833,0.3739999999999988,0.25,2024-08-14 08:30:00
834,0.3229999999999933,0.25,2024-08-14 08:45:00
835,0.5090000000000039,0.25,2024-08-14 09:00:00
836,0.4300000000000104,0.3125,2024-08-14 09:15:00
837,1.4090000000000025,0.3125,2024-08-14 09:30:00
838,0.8889999999999887,0.3125,2024-08-14 09:45:00
839,0.2749999999999986,0.3125,2024-08-14 10:00:00
840,0.3930000000000078,0.25,2024-08-14 10:15:00
841,1.3680000000000092,0.3125,2024-08-14 10:30:00
842,2.3160000000000025,0.4375,2024-08-14 10:45:00
843,3.3660000000000068,0.625,2024-08-14 11:00:00
844,1.435000000000013,0.9375,2024-08-14 11:15:00
845,1.9159999999999933,1.3125,2024-08-14 11:30:00
846,1.1309999999999931,1.875,2024-08-14 11:45:00
847,1.5160000000000018,1.75,2024-08-14 12:00:00
848,1.955000000000009,1.5625,2024-08-14 12:15:00
849,2.4329999999999963,1.25,2024-08-14 12:30:00
850,1.0710000000000086,0.5625,2024-08-14 12:45:00
851,1.0490000000000066,0.6875,2024-08-14 13:00:00
852,0.7070000000000043,0.75,2024-08-14 13:15:00
853,0.879000000000012,0.625,2024-08-14 13:30:00
854,0.6199999999999939,0.8125,2024-08-14 13:45:00
855,0.4779999999999873,1.0625,2024-08-14 14:00:00
856,3.254999999999999,0.8125,2024-08-14 14:15:00
857,0.0,2.75,2024-08-14 14:30:00
858,0.007999999999999119,2.75,2024-08-14 14:45:00
859,2.917000000000005,2.4375,2024-08-14 15:00:00
860,1.0999999999999943,2.6875,2024-08-14 15:15:00
861,1.4620000000000033,1.1875,2024-08-14 15:30:00
862,2.9959999999999987,1.4375,2024-08-14 15:45:00
863,3.3140000000000036,2.0,2024-08-14 16:00:00
864,2.353999999999985,2.5,2024-08-14 16:15:00
865,2.9329999999999856,3.0,2024-08-14 16:30:00
866,2.359000000000009,3.5,2024-08-14 16:45:00
867,2.5399999999999956,4.0,2024-08-14 17:00:00
868,0.3760000000000119,5.25,2024-08-14 17:15:00
869,0.5129999999999946,5.25,2024-08-14 17:30:00
870,0.6500000000000128,5.25,2024-08-14 17:45:00
871,0.8230000000000004,6.0,2024-08-14 18:00:00
872,0.30900000000000816,5.5,2024-08-14 18:15:00
873,0.40599999999999525,5.75,2024-08-14 18:30:00
874,2.445000000000004,6.75,2024-08-14 18:45:00
875,0.7039999999999935,7.275,2024-08-14 19:00:00
876,0.6659999999999933,6.775,2024-08-14 19:15:00
877,0.1589999999999847,7.025,2024-08-14 19:30:00
878,0.09800000000000253,6.275,2024-08-14 19:45:00
879,1.8549999999999933,5.75,2024-08-14 20:00:00
880,2.2299999999999898,7.25,2024-08-14 20:15:00
881,0.9270000000000067,6.0,2024-08-14 20:30:00
882,1.5909999999999869,4.8125,2024-08-14 20:45:00
883,0.45700000000000074,3.3125,2024-08-14 21:00:00
884,1.3000000000000078,1.1875,2024-08-14 21:15:00
885,2.2430000000000128,1.4375,2024-08-14 21:30:00
886,0.8840000000000003,1.875,2024-08-14 21:45:00
887,0.4219999999999935,2.125,2024-08-14 22:00:00
888,0.6630000000000003,1.75,2024-08-14 22:15:00
889,0.0,2.5,2024-08-14 22:30:00
890,,,2024-08-14 22:45:00
891,,,2024-08-14 23:00:00
892,,,2024-08-14 23:15:00
893,,,2024-08-14 23:30:00
894,,,2024-08-14 23:45:00
895,,,2024-08-15 00:00:00
896,,,2024-08-15 00:15:00
897,,,2024-08-15 00:30:00
898,,,2024-08-15 00:45:00
899,,,2024-08-15 01:00:00
900,,,2024-08-15 01:15:00
901,,,2024-08-15 01:30:00
902,,,2024-08-15 01:45:00
903,,,2024-08-15 02:00:00
904,,,2024-08-15 02:15:00
905,,,2024-08-15 02:30:00
906,,,2024-08-15 02:45:00
907,,,2024-08-15 03:00:00
908,,,2024-08-15 03:15:00
909,,,2024-08-15 03:30:00
910,0.06399999999999295,7.5,2024-08-15 03:45:00
911,0.07899999999999352,9.0,2024-08-15 04:00:00
912,0.07600000000000051,7.5,2024-08-15 04:15:00
913,0.28400000000001313,7.5,2024-08-15 04:30:00
914,0.05599999999999383,5.0,2024-08-15 04:45:00
915,0.0,3.0,2024-08-15 05:00:00
916,0.0,5.025,2024-08-15 05:15:00
917,0.018999999999991246,2.9,2024-08-15 05:30:00
918,0.18599999999999284,3.4,2024-08-15 05:45:00
919,0.16699999999998383,5.9,2024-08-15 06:00:00
920,0.01100000000000989,3.375,2024-08-15 06:15:00
921,0.0,3.5,2024-08-15 06:30:00
922,0.16000000000000014,3.5,2024-08-15 06:45:00
923,0.1980000000000004,1.125,2024-08-15 07:00:00
924,0.14800000000001035,1.25,2024-08-15 07:15:00
925,0.32700000000000173,0.8125,2024-08-15 07:30:00
926,0.28100000000000236,0.375,2024-08-15 07:45:00
927,0.2740000000000009,0.3125,2024-08-15 08:00:00
928,0.36899999999999267,0.5625,2024-08-15 08:15:00
929,0.2480000000000082,0.6875,2024-08-15 08:30:00
930,0.3359999999999985,0.8125,2024-08-15 08:45:00
931,0.2639999999999887,2.5,2024-08-15 09:00:00
932,0.07699999999999818,2.625,2024-08-15 09:15:00
933,0.1529999999999987,2.5,2024-08-15 09:30:00
934,0.5180000000000007,2.375,2024-08-15 09:45:00
935,1.0629999999999917,0.6875,2024-08-15 10:00:00
936,1.1549999999999905,0.25,2024-08-15 10:15:00
937,0.5119999999999969,0.3125,2024-08-15 10:30:00
938,1.7549999999999955,0.5,2024-08-15 10:45:00
939,1.1870000000000047,0.5,2024-08-15 11:00:00
940,1.1500000000000021,0.5625,2024-08-15 11:15:00
941,1.203000000000003,0.8125,2024-08-15 11:30:00
942,1.6089999999999982,1.0625,2024-08-15 11:45:00
943,0.9880000000000067,1.125,2024-08-15 12:00:00
944,1.3930000000000042,1.375,2024-08-15 12:15:00
945,1.053999999999995,1.75,2024-08-15 12:30:00
946,0.7569999999999943,1.375,2024-08-15 12:45:00
947,1.7110000000000092,1.4375,2024-08-15 13:00:00
948,0.7859999999999978,1.8125,2024-08-15 13:15:00
949,0.647000000000002,1.25,2024-08-15 13:30:00
950,1.13999999999999,1.3125,2024-08-15 13:45:00
951,1.5590000000000082,1.1875,2024-08-15 14:00:00
952,0.8919999999999995,0.5,2024-08-15 14:15:00
953,0.3500000000000014,0.5625,2024-08-15 14:30:00
954,0.4290000000000127,1.125,2024-08-15 14:45:00
955,2.270000000000003,2.0625,2024-08-15 15:00:00
956,0.7479999999999976,3.25,2024-08-15 15:15:00
957,0.6939999999999991,4.75,2024-08-15 15:30:00
958,0.3500000000000014,5.5,2024-08-15 15:45:00
959,0.5630000000000024,5.0,2024-08-15 16:00:00
960,0.926000000000009,5.5,2024-08-15 16:15:00
961,0.053999999999998494,4.75,2024-08-15 16:30:00
962,2.1910000000000096,3.5,2024-08-15 16:45:00
963,0.9619999999999962,3.125,2024-08-15 17:00:00
964,0.49999999999998934,1.875,2024-08-15 17:15:00
965,0.41199999999999903,2.625,2024-08-15 17:30:00
966,0.688999999999993,2.75,2024-08-15 17:45:00
967,0.6800000000000139,3.0,2024-08-15 18:00:00
968,0.8740000000000059,3.25,2024-08-15 18:15:00
969,0.6409999999999982,2.5,2024-08-15 18:30:00
970,0.1980000000000004,2.1875,2024-08-15 18:45:00
971,0.3190000000000026,1.9375,2024-08-15 19:00:00
972,0.3300000000000125,1.9375,2024-08-15 19:15:00
973,0.20400000000000418,2.4375,2024-08-15 19:30:00
974,0.22299999999999542,4.125,2024-08-15 19:45:00
975,0.18799999999998818,4.0,2024-08-15 20:00:00
976,0.0,3.25,2024-08-15 20:15:00
977,0.0,4.275,2024-08-15 20:30:00
978,0.029000000000003467,2.525,2024-08-15 20:45:00
979,0.0,4.025,2024-08-15 21:00:00
980,0.0070000000000014495,5.275,2024-08-15 21:15:00
981,0.04899999999999238,3.5,2024-08-15 21:30:00
982,0.32499999999998863,3.5,2024-08-15 21:45:00
983,0.0,3.25,2024-08-15 22:00:00
984,0.07699999999999818,4.0,2024-08-15 22:15:00
985,0.047999999999994714,5.75,2024-08-15 22:30:00
986,,,2024-08-15 22:45:00
987,,,2024-08-15 23:00:00
988,,,2024-08-15 23:15:00
989,,,2024-08-15 23:30:00
990,,,2024-08-15 23:45:00
991,,,2024-08-16 00:00:00
992,,,2024-08-16 00:15:00
993,,,2024-08-16 00:30:00
994,,,2024-08-16 00:45:00
995,,,2024-08-16 01:00:00
996,,,2024-08-16 01:15:00
997,,,2024-08-16 01:30:00
998,,,2024-08-16 01:45:00
999,,,2024-08-16 02:00:00
1000,,,2024-08-16 02:15:00
1001,,,2024-08-16 02:30:00
1002,,,2024-08-16 02:45:00
1003,,,2024-08-16 03:00:00
1004,,,2024-08-16 03:15:00
1005,,,2024-08-16 03:30:00
1006,0.058000000000006935,1.4375,2024-08-16 03:45:00
1007,0.3049999999999997,1.75,2024-08-16 04:00:00
1008,0.06800000000000139,1.5,2024-08-16 04:15:00
1009,0.0,3.75,2024-08-16 04:30:00
1010,0.039999999999995595,3.0,2024-08-16 04:45:00
1011,0.0,3.25,2024-08-16 05:00:00
1012,0.06399999999999295,4.0,2024-08-16 05:15:00
1013,0.053999999999998494,2.25,2024-08-16 05:30:00
1014,0.17400000000000304,3.0,2024-08-16 05:45:00
1015,0.004000000000008441,2.3125,2024-08-16 06:00:00
1016,0.030000000000001137,1.625,2024-08-16 06:15:00
1017,0.022000000000002018,1.0,2024-08-16 06:30:00
1018,0.0569999999999915,0.75,2024-08-16 06:45:00
1019,0.09800000000000253,0.75,2024-08-16 07:00:00
1020,0.16000000000000014,0.75,2024-08-16 07:15:00
1021,0.14299999999998647,0.6875,2024-08-16 07:30:00
1022,0.34100000000000463,0.25,2024-08-16 07:45:00
1023,0.48200000000001353,0.25,2024-08-16 08:00:00
1024,0.365000000000002,0.25,2024-08-16 08:15:00
1025,0.5909999999999904,0.3125,2024-08-16 08:30:00
1026,0.6270000000000131,0.4375,2024-08-16 08:45:00
1027,0.45099999999999696,0.5,2024-08-16 09:00:00
1028,0.26799999999999713,0.5625,2024-08-16 09:15:00
1029,0.5860000000000021,0.5,2024-08-16 09:30:00
1030,0.7680000000000042,0.375,2024-08-16 09:45:00
1031,0.5400000000000027,0.375,2024-08-16 10:00:00
1032,2.4040000000000106,0.375,2024-08-16 10:15:00
1033,1.1759999999999948,0.5625,2024-08-16 10:30:00
1034,0.16500000000000625,0.5625,2024-08-16 10:45:00
1035,1.3129999999999953,0.5,2024-08-16 11:00:00
1036,2.489000000000008,0.4375,2024-08-16 11:15:00
1037,2.4990000000000023,0.4375,2024-08-16 11:30:00
1038,0.35499999999998977,2.125,2024-08-16 11:45:00
1039,0.00600000000000378,2.1875,2024-08-16 12:00:00
1040,3.946999999999985,2.25,2024-08-16 12:15:00
1041,5.769000000000002,2.1875,2024-08-16 12:30:00
1042,3.570999999999991,0.6875,2024-08-16 12:45:00
1043,3.818999999999999,0.9375,2024-08-16 13:00:00
1044,2.8649999999999842,1.3125,2024-08-16 13:15:00
1045,1.4150000000000063,1.375,2024-08-16 13:30:00
1046,0.3279999999999994,1.5,2024-08-16 13:45:00
1047,0.4070000000000107,1.625,2024-08-16 14:00:00
1048,0.7980000000000054,1.5,2024-08-16 14:15:00
1049,0.5119999999999969,1.75,2024-08-16 14:30:00
1050,1.073000000000004,1.875,2024-08-16 14:45:00
1051,0.6859999999999999,2.125,2024-08-16 15:00:00
1052,0.19099999999999895,2.25,2024-08-16 15:15:00
1053,1.7469999999999963,2.25,2024-08-16 15:30:00
1054,2.4439999999999884,2.0,2024-08-16 15:45:00
1055,0.9320000000000128,2.0,2024-08-16 16:00:00
1056,1.0639999999999894,2.0,2024-08-16 16:15:00
1057,1.3569999999999993,2.25,2024-08-16 16:30:00
1058,1.7980000000000018,2.75,2024-08-16 16:45:00
1059,3.219000000000012,2.75,2024-08-16 17:00:00
1060,1.6720000000000113,3.25,2024-08-16 17:15:00
1061,2.3739999999999917,3.5,2024-08-16 17:30:00
1062,2.45000000000001,4.0,2024-08-16 17:45:00
1063,2.602000000000011,4.5,2024-08-16 18:00:00
1064,3.609000000000009,4.75,2024-08-16 18:15:00
1065,0.9529999999999994,5.5,2024-08-16 18:30:00
1066,0.5690000000000062,6.25,2024-08-16 18:45:00
1067,0.11400000000000077,7.525,2024-08-16 19:00:00
1068,0.038000000000000256,7.025,2024-08-16 19:15:00
1069,0.040999999999993264,5.3375,2024-08-16 19:30:00
1070,0.27599999999999625,4.5875,2024-08-16 19:45:00
1071,0.4609999999999914,3.0625,2024-08-16 20:00:00
1072,0.6390000000000029,3.3125,2024-08-16 20:15:00
1073,0.3170000000000073,4.25,2024-08-16 20:30:00
1074,0.31599999999999184,3.75,2024-08-16 20:45:00
1075,0.06800000000000139,2.75,2024-08-16 21:00:00
1076,0.0,3.25,2024-08-16 21:15:00
1077,0.09400000000001185,3.5,2024-08-16 21:30:00
1078,0.20200000000000884,3.75,2024-08-16 21:45:00
1079,0.3139999999999965,5.5,2024-08-16 22:00:00
1080,0.07600000000000051,5.25,2024-08-16 22:15:00
1081,0.3160000000000096,6.5,2024-08-16 22:30:00
1082,,,2024-08-16 22:45:00
1083,,,2024-08-16 23:00:00
1084,,,2024-08-16 23:15:00
1085,,,2024-08-16 23:30:00
1086,,,2024-08-16 23:45:00
1087,,,2024-08-17 00:00:00
1088,,,2024-08-17 00:15:00
1089,,,2024-08-17 00:30:00
1090,,,2024-08-17 00:45:00
1091,,,2024-08-17 01:00:00
1092,,,2024-08-17 01:15:00
1093,,,2024-08-17 01:30:00
1094,,,2024-08-17 01:45:00
1095,,,2024-08-17 02:00:00
1096,,,2024-08-17 02:15:00
1097,,,2024-08-17 02:30:00
1098,,,2024-08-17 02:45:00
1099,,,2024-08-17 03:00:00
1100,,,2024-08-17 03:15:00
1101,,,2024-08-17 03:30:00
1102,0.052000000000003155,1.5625,2024-08-17 03:45:00
1103,0.10775000000000645,1.625,2024-08-17 04:00:00
1104,0.3520000000000145,1.9375,2024-08-17 04:15:00
1105,0.2999999999999936,1.1875,2024-08-17 04:30:00
1106,0.09500000000000952,1.0,2024-08-17 04:45:00
1107,0.3289999999999971,1.1875,2024-08-17 05:00:00
1108,0.17999999999998906,0.8125,2024-08-17 05:15:00
1109,0.0,0.3125,2024-08-17 05:30:00
1110,0.0,0.4375,2024-08-17 05:45:00
1111,0.20200000000000884,0.4375,2024-08-17 06:00:00
1112,0.40599999999999525,0.5625,2024-08-17 06:15:00
1113,0.23500000000000298,1.0625,2024-08-17 06:30:00
1114,0.2480000000000082,1.625,2024-08-17 06:45:00
1115,0.3589999999999982,2.125,2024-08-17 07:00:00
1116,0.23899999999999366,2.5,2024-08-17 07:15:00
1117,0.2660000000000018,2.125,2024-08-17 07:30:00
1118,0.1890000000000036,1.4375,2024-08-17 07:45:00
1119,0.2630000000000088,0.75,2024-08-17 08:00:00
1120,0.3039999999999843,0.3125,2024-08-17 08:15:00
1121,0.42899999999999494,0.25,2024-08-17 08:30:00
1122,0.5740000000000123,0.4375,2024-08-17 08:45:00
1123,0.5330000000000013,0.4375,2024-08-17 09:00:00
1124,0.3449999999999953,0.4375,2024-08-17 09:15:00
1125,0.4209999999999958,0.875,2024-08-17 09:30:00
1126,0.970999999999993,1.0,2024-08-17 09:45:00
1127,0.6930000000000014,1.4375,2024-08-17 10:00:00
1128,0.40000000000000924,1.625,2024-08-17 10:15:00
1129,0.5710000000000015,1.375,2024-08-17 10:30:00
1130,0.6109999999999971,1.75,2024-08-17 10:45:00
1131,0.40099999999998914,2.0,2024-08-17 11:00:00
1132,1.183999999999994,1.8125,2024-08-17 11:15:00
1133,0.671999999999997,1.625,2024-08-17 11:30:00
1134,0.5519999999999925,0.9375,2024-08-17 11:45:00
1135,0.6930000000000014,0.25,2024-08-17 12:00:00
1136,0.9640000000000093,0.375,2024-08-17 12:15:00
1137,1.1150000000000126,0.5,2024-08-17 12:30:00
1138,0.8319999999999972,0.6875,2024-08-17 12:45:00
1139,0.4749999999999943,0.8125,2024-08-17 13:00:00
1140,1.3400000000000034,1.625,2024-08-17 13:15:00
1141,2.0019999999999882,2.4375,2024-08-17 13:30:00
1142,1.3299999999999912,2.4375,2024-08-17 13:45:00
1143,1.181000000000001,3.25,2024-08-17 14:00:00
1144,0.30900000000000816,3.5,2024-08-17 14:15:00
1145,1.7859999999999943,3.75,2024-08-17 14:30:00
1146,2.059999999999995,3.5625,2024-08-17 14:45:00
1147,0.6199999999999939,4.0625,2024-08-17 15:00:00
1148,0.943000000000005,4.0625,2024-08-17 15:15:00
1149,0.7860000000000156,4.3125,2024-08-17 15:30:00
1150,0.6380000000000052,5.5,2024-08-17 15:45:00
1151,0.19899999999999807,5.75,2024-08-17 16:00:00
1152,0.22499999999999076,4.875,2024-08-17 16:15:00
1153,0.539000000000005,3.75,2024-08-17 16:30:00
1154,0.48799999999999955,3.75,2024-08-17 16:45:00
1155,0.26699999999999946,2.5,2024-08-17 17:00:00
1156,0.42299999999999116,3.625,2024-08-17 17:15:00
1157,0.46800000000001063,4.5,2024-08-17 17:30:00
1158,0.6329999999999991,4.75,2024-08-17 17:45:00
1159,0.46499999999999986,5.75,2024-08-17 18:00:00
1160,0.7649999999999935,5.5,2024-08-17 18:15:00
1161,0.7350000000000101,5.5,2024-08-17 18:30:00
1162,0.7070000000000043,5.25,2024-08-17 18:45:00
1163,0.3589999999999982,4.5,2024-08-17 19:00:00
1164,0.11400000000000077,5.25,2024-08-17 19:15:00
1165,0.11799999999999145,4.0625,2024-08-17 19:30:00
1166,0.14499999999999957,2.8125,2024-08-17 19:45:00
1167,0.0,3.5625,2024-08-17 20:00:00
1168,0.1159999999999961,1.625,2024-08-17 20:15:00
1169,0.28400000000001313,1.625,2024-08-17 20:30:00
1170,0.07799999999999585,2.875,2024-08-17 20:45:00
1171,0.26400000000000645,3.9,2024-08-17 21:00:00
1172,0.001999999999995339,4.5875,2024-08-17 21:15:00
1173,0.06999999999999673,5.275,2024-08-17 21:30:00
1174,0.384000000000011,6.025,2024-08-17 21:45:00
1175,0.041999999999990933,6.0,2024-08-17 22:00:00
1176,0.01300000000000523,5.25,2024-08-17 22:15:00
1177,0.0,6.0,2024-08-17 22:30:00
1178,,,2024-08-17 22:45:00
1179,,,2024-08-17 23:00:00
1180,,,2024-08-17 23:15:00
1181,,,2024-08-17 23:30:00
1182,,,2024-08-17 23:45:00
1183,,,2024-08-18 00:00:00
1184,,,2024-08-18 00:15:00
1185,,,2024-08-18 00:30:00
1186,,,2024-08-18 00:45:00
1187,,,2024-08-18 01:00:00
1188,,,2024-08-18 01:15:00
1189,,,2024-08-18 01:30:00
1190,,,2024-08-18 01:45:00
1191,,,2024-08-18 02:00:00
1192,,,2024-08-18 02:15:00
1193,,,2024-08-18 02:30:00
1194,,,2024-08-18 02:45:00
1195,,,2024-08-18 03:00:00
1196,,,2024-08-18 03:15:00
1197,,,2024-08-18 03:30:00
1198,0.0572499999999998,0.75,2024-08-18 03:45:00
1199,0.0,0.5,2024-08-18 04:00:00
1200,0.0,3.025,2024-08-18 04:15:00
1201,0.0009999999999976694,2.525,2024-08-18 04:30:00
1202,0.0,2.525,2024-08-18 04:45:00
1203,0.0,2.525,2024-08-18 05:00:00
1204,0.0,0.0625,2024-08-18 05:15:00
1205,0.08599999999999497,0.3125,2024-08-18 05:30:00
1206,0.25500000000000966,0.5,2024-08-18 05:45:00
1207,0.34399999999999764,0.5625,2024-08-18 06:00:00
1208,0.2960000000000029,0.5625,2024-08-18 06:15:00
1209,0.34600000000001074,0.5625,2024-08-18 06:30:00
1210,0.2999999999999936,2.9,2024-08-18 06:45:00
1211,0.029000000000003467,3.2125,2024-08-18 07:00:00
1212,0.21900000000000475,3.275,2024-08-18 07:15:00
1213,0.35299999999999443,3.0875,2024-08-18 07:30:00
1214,0.25299999999999656,0.625,2024-08-18 07:45:00
1215,0.2099999999999902,0.4375,2024-08-18 08:00:00
1216,0.21699999999999164,0.6875,2024-08-18 08:15:00
1217,0.33500000000000085,0.6875,2024-08-18 08:30:00
1218,0.44599999999999085,0.8125,2024-08-18 08:45:00
1219,0.36599999999999966,0.6875,2024-08-18 09:00:00
1220,0.42600000000000193,0.375,2024-08-18 09:15:00
1221,0.38000000000000256,0.4375,2024-08-18 09:30:00
1222,0.4100000000000037,0.375,2024-08-18 09:45:00
1223,0.7540000000000013,0.4375,2024-08-18 10:00:00
1224,0.4659999999999975,0.4375,2024-08-18 10:15:00
1225,0.6099999999999994,2.8375,2024-08-18 10:30:00
1226,0.14899999999999025,2.775,2024-08-18 10:45:00
1227,0.627999999999993,2.7125,2024-08-18 11:00:00
1228,0.9890000000000043,2.8375,2024-08-18 11:15:00
1229,1.5069999999999872,0.5625,2024-08-18 11:30:00
1230,1.933000000000007,0.5625,2024-08-18 11:45:00
1231,0.9199999999999875,0.5625,2024-08-18 12:00:00
1232,0.6879999999999953,1.125,2024-08-18 12:15:00
1233,0.5879999999999974,0.9375,2024-08-18 12:30:00
1234,0.5330000000000013,1.25,2024-08-18 12:45:00
1235,0.40300000000000225,1.375,2024-08-18 13:00:00
1236,0.7540000000000013,0.75,2024-08-18 13:15:00
1237,2.058,0.875,2024-08-18 13:30:00
1238,1.3199999999999967,0.75,2024-08-18 13:45:00
1239,0.14700000000001268,1.0625,2024-08-18 14:00:00
1240,1.6750000000000043,1.3125,2024-08-18 14:15:00
1241,1.2319999999999887,1.875,2024-08-18 14:30:00
1242,1.8420000000000059,1.875,2024-08-18 14:45:00
1243,2.0229999999999926,3.9,2024-08-18 15:00:00
1244,0.010000000000012221,4.025,2024-08-18 15:15:00
1245,0.33500000000000085,3.4,2024-08-18 15:30:00
1246,0.6310000000000038,3.15,2024-08-18 15:45:00
1247,0.0,0.875,2024-08-18 16:00:00
1248,0.7779999999999987,0.875,2024-08-18 16:15:00
1249,1.178000000000008,1.5,2024-08-18 16:30:00
1250,0.9389999999999965,2.25,2024-08-18 16:45:00
1251,0.14299999999998647,2.375,2024-08-18 17:00:00
1252,0.13799999999999812,2.625,2024-08-18 17:15:00
1253,1.5160000000000018,2.625,2024-08-18 17:30:00
1254,2.024000000000008,2.875,2024-08-18 17:45:00
1255,0.44000000000000483,2.875,2024-08-18 18:00:00
1256,0.34900000000000375,3.375,2024-08-18 18:15:00
1257,0.11200000000000543,3.375,2024-08-18 18:30:00
1258,0.43699999999999406,3.375,2024-08-18 18:45:00
1259,1.189,4.0,2024-08-18 19:00:00
1260,1.0940000000000083,3.75,2024-08-18 19:15:00
1261,0.8150000000000013,4.0,2024-08-18 19:30:00
1262,0.9909999999999997,4.25,2024-08-18 19:45:00
1263,0.32099999999999795,4.5,2024-08-18 20:00:00
1264,0.3589999999999982,5.5,2024-08-18 20:15:00
1265,0.0020000000000131024,4.5,2024-08-18 20:30:00
1266,0.0,4.5,2024-08-18 20:45:00
1267,0.12000000000000455,4.5,2024-08-18 21:00:00
1268,0.3359999999999985,4.25,2024-08-18 21:15:00
1269,0.014000000000002899,5.5,2024-08-18 21:30:00
1270,0.2890000000000015,5.75,2024-08-18 21:45:00
1271,0.09700000000000486,5.75,2024-08-18 22:00:00
1272,0.2970000000000006,5.25,2024-08-18 22:15:00
1273,0.2890000000000015,4.0625,2024-08-18 22:30:00
1274,,,2024-08-18 22:45:00
1275,,,2024-08-18 23:00:00
1276,,,2024-08-18 23:15:00
1277,,,2024-08-18 23:30:00
1278,,,2024-08-18 23:45:00
1279,,,2024-08-19 00:00:00
1280,,,2024-08-19 00:15:00
1281,,,2024-08-19 00:30:00
1282,,,2024-08-19 00:45:00
1283,,,2024-08-19 01:00:00
1284,,,2024-08-19 01:15:00
1285,,,2024-08-19 01:30:00
1286,,,2024-08-19 01:45:00
1287,,,2024-08-19 02:00:00
1288,,,2024-08-19 02:15:00
1289,,,2024-08-19 02:30:00
1290,,,2024-08-19 02:45:00
1291,,,2024-08-19 03:00:00
1292,,,2024-08-19 03:15:00
1293,,,2024-08-19 03:30:00
1294,0.0,0.0625,2024-08-19 03:45:00
1295,0.0,0.4375,2024-08-19 04:00:00
1296,0.06150000000001654,0.375,2024-08-19 04:15:00
1297,0.0,0.375,2024-08-19 04:30:00
1298,0.0,0.375,2024-08-19 04:45:00
1299,0.0,0.5,2024-08-19 05:00:00
1300,0.038000000000000256,1.5,2024-08-19 05:15:00
1301,0.004000000000008441,1.625,2024-08-19 05:30:00
1302,0.0867500000000021,1.625,2024-08-19 05:45:00
1303,0.0,1.125,2024-08-19 06:00:00
1304,0.0,0.625,2024-08-19 06:15:00
1305,0.14899999999999025,0.5625,2024-08-19 06:30:00
1306,0.2519999999999989,0.6875,2024-08-19 06:45:00
1307,0.16599999999998616,0.8125,2024-08-19 07:00:00
1308,0.36699999999999733,0.375,2024-08-19 07:15:00
1309,0.4780000000000051,0.375,2024-08-19 07:30:00
1310,0.3750000000000142,0.4375,2024-08-19 07:45:00
1311,0.33799999999999386,0.375,2024-08-19 08:00:00
1312,0.2660000000000018,0.375,2024-08-19 08:15:00
1313,0.45300000000001006,0.375,2024-08-19 08:30:00
1314,0.2949999999999875,0.25,2024-08-19 08:45:00
1315,0.42899999999999494,0.25,2024-08-19 09:00:00
1316,0.622000000000007,0.6875,2024-08-19 09:15:00
1317,0.3790000000000049,0.75,2024-08-19 09:30:00
1318,0.4309999999999903,0.75,2024-08-19 09:45:00
1319,0.858749999999997,0.9375,2024-08-19 10:00:00
1320,0.970999999999993,0.5625,2024-08-19 10:15:00
1321,0.5759999999999899,0.5,2024-08-19 10:30:00
1322,0.21300000000000097,0.625,2024-08-19 10:45:00
1323,0.3160000000000096,0.5625,2024-08-19 11:00:00
1324,0.7220000000000049,0.8125,2024-08-19 11:15:00
1325,0.15900000000000247,0.8125,2024-08-19 11:30:00
1326,0.6649999999999956,0.6875,2024-08-19 11:45:00
1327,2.055000000000007,0.6875,2024-08-19 12:00:00
1328,1.9009999999999927,0.6875,2024-08-19 12:15:00
1329,0.7089999999999996,1.125,2024-08-19 12:30:00
1330,0.818000000000012,1.25,2024-08-19 12:45:00
1331,1.8229999999999968,1.4375,2024-08-19 13:00:00
1332,1.0970000000000013,1.125,2024-08-19 13:15:00
1333,0.44200000000000017,0.6875,2024-08-19 13:30:00
1334,0.10699999999999932,1.0,2024-08-19 13:45:00
1335,0.10199999999999321,0.8125,2024-08-19 14:00:00
1336,0.3930000000000078,0.9375,2024-08-19 14:15:00
1337,1.2570000000000014,1.0625,2024-08-19 14:30:00
1338,0.6359999999999921,1.3125,2024-08-19 14:45:00
1339,1.0639999999999894,1.875,2024-08-19 15:00:00
1340,2.2839999999999883,2.4375,2024-08-19 15:15:00
1341,0.774000000000008,3.0,2024-08-19 15:30:00
1342,0.4320000000000057,2.5,2024-08-19 15:45:00
1343,0.9249999999999936,2.0,2024-08-19 16:00:00
1344,0.41700000000000514,2.0,2024-08-19 16:15:00
1345,0.09299999999999642,3.775,2024-08-19 16:30:00
1346,0.030000000000001137,3.9,2024-08-19 16:45:00
1347,0.2289999999999992,4.15,2024-08-19 17:00:00
1348,1.5370000000000061,4.15,2024-08-19 17:15:00
1349,1.3610000000000078,2.625,2024-08-19 17:30:00
1350,0.5250000000000021,3.0,2024-08-19 17:45:00
1351,0.7310000000000016,3.25,2024-08-19 18:00:00
1352,0.777000000000001,3.25,2024-08-19 18:15:00
1353,0.4619999999999891,3.0,2024-08-19 18:30:00
1354,0.12599999999999056,3.0,2024-08-19 18:45:00
1355,0.12000000000000455,3.25,2024-08-19 19:00:00
1356,0.20899999999999253,3.5,2024-08-19 19:15:00
1357,1.6709999999999958,3.75,2024-08-19 19:30:00
1358,1.6479999999999961,4.25,2024-08-19 19:45:00
1359,0.8990000000000009,4.5,2024-08-19 20:00:00
1360,0.752000000000006,5.5,2024-08-19 20:15:00
1361,1.0529999999999973,6.5,2024-08-19 20:30:00
1362,0.5320000000000036,7.0,2024-08-19 20:45:00
1363,0.04999999999999005,5.75,2024-08-19 21:00:00
1364,0.0,3.75,2024-08-19 21:15:00
1365,0.0,4.275,2024-08-19 21:30:00
1366,0.40150000000000574,5.05,2024-08-19 21:45:00
1367,0.2310000000000123,6.05,2024-08-19 22:00:00
1368,0.06700000000000372,7.8,2024-08-19 22:15:00
1369,0.1469999999999949,6.775,2024-08-19 22:30:00
1370,,,2024-08-19 22:45:00
1371,,,2024-08-19 23:00:00
1372,,,2024-08-19 23:15:00
1373,,,2024-08-19 23:30:00
1374,,,2024-08-19 23:45:00
1375,,,2024-08-20 00:00:00
1376,,,2024-08-20 00:15:00
1377,,,2024-08-20 00:30:00
1378,,,2024-08-20 00:45:00
1379,,,2024-08-20 01:00:00
1380,,,2024-08-20 01:15:00
1381,,,2024-08-20 01:30:00
1382,,,2024-08-20 01:45:00
1383,,,2024-08-20 02:00:00
1384,,,2024-08-20 02:15:00
1385,,,2024-08-20 02:30:00
1386,,,2024-08-20 02:45:00
1387,,,2024-08-20 03:00:00
1388,,,2024-08-20 03:15:00
1389,,,2024-08-20 03:30:00
1390,0.058000000000006935,8.8,2024-08-20 03:45:00
1391,0.08900000000000574,7.275,2024-08-20 04:00:00
1392,0.03600000000000492,7.775,2024-08-20 04:15:00
1393,0.015000000000000568,6.775,2024-08-20 04:30:00
1394,0.044000000000004036,4.4375,2024-08-20 04:45:00
1395,0.059000000000004604,3.5,2024-08-20 05:00:00
1396,0.07799999999999585,1.0625,2024-08-20 05:15:00
1397,0.003999999999990678,0.3125,2024-08-20 05:30:00
1398,0.0,0.5,2024-08-20 05:45:00
1399,0.044000000000004036,1.9375,2024-08-20 06:00:00
1400,0.09199999999999875,2.0625,2024-08-20 06:15:00
1401,0.1380000000000159,2.125,2024-08-20 06:30:00
1402,0.40099999999998914,1.8125,2024-08-20 06:45:00
1403,0.3769999999999918,0.8125,2024-08-20 07:00:00
1404,0.3240000000000087,0.6875,2024-08-20 07:15:00
1405,0.3819999999999979,0.75,2024-08-20 07:30:00
1406,0.36800000000001276,0.75,2024-08-20 07:45:00
1407,0.15600000000000946,0.3125,2024-08-20 08:00:00
1408,0.1550000000000118,0.3125,2024-08-20 08:15:00
1409,0.23999999999999133,0.25,2024-08-20 08:30:00
1410,0.15900000000000247,0.375,2024-08-20 08:45:00
1411,0.35400000000000986,0.4375,2024-08-20 09:00:00
1412,0.3980000000000139,0.875,2024-08-20 09:15:00
1413,0.3049999999999997,1.3125,2024-08-20 09:30:00
1414,0.34299999999999997,1.625,2024-08-20 09:45:00
1415,0.257000000000005,2.25,2024-08-20 10:00:00
1416,0.27599999999999625,1.8125,2024-08-20 10:15:00
1417,0.5949999999999989,1.375,2024-08-20 10:30:00
1418,1.7189999999999905,0.9375,2024-08-20 10:45:00
1419,0.8520000000000039,0.6875,2024-08-20 11:00:00
1420,0.6370000000000076,0.6875,2024-08-20 11:15:00
1421,1.0909999999999975,0.6875,2024-08-20 11:30:00
1422,1.6029999999999944,0.875,2024-08-20 11:45:00
1423,0.9039999999999893,0.625,2024-08-20 12:00:00
1424,0.9440000000000026,0.6875,2024-08-20 12:15:00
1425,2.67100000000001,0.75,2024-08-20 12:30:00
1426,1.2490000000000023,0.75,2024-08-20 12:45:00
1427,0.6070000000000064,0.5625,2024-08-20 13:00:00
1428,0.9329999999999927,0.625,2024-08-20 13:15:00
1429,2.2170000000000023,0.625,2024-08-20 13:30:00
1430,1.5890000000000093,2.375,2024-08-20 13:45:00
1431,0.10400000000000631,2.5,2024-08-20 14:00:00
1432,0.4490000000000016,2.5625,2024-08-20 14:15:00
1433,0.6020000000000003,2.6875,2024-08-20 14:30:00
1434,0.8109999999999928,1.1875,2024-08-20 14:45:00
1435,1.2770000000000081,1.5,2024-08-20 15:00:00
1436,1.6109999999999935,2.0,2024-08-20 15:15:00
1437,0.3049999999999997,2.5,2024-08-20 15:30:00
1438,2.502999999999993,2.75,2024-08-20 15:45:00
1439,2.8449999999999953,3.75,2024-08-20 16:00:00
1440,0.2689999999999948,4.25,2024-08-20 16:15:00
1441,0.2960000000000029,4.5,2024-08-20 16:30:00
1442,0.5410000000000004,4.75,2024-08-20 16:45:00
1443,1.551999999999989,4.25,2024-08-20 17:00:00
1444,1.4559999999999995,4.0,2024-08-20 17:15:00
1445,0.3880000000000017,4.75,2024-08-20 17:30:00
1446,0.06999999999999673,5.5,2024-08-20 17:45:00
1447,0.0870000000000104,5.75,2024-08-20 18:00:00
1448,0.20100000000001117,7.275,2024-08-20 18:15:00
1449,0.03600000000000492,6.025,2024-08-20 18:30:00
1450,0.02100000000000435,5.025,2024-08-20 18:45:00
1451,0.06399999999999295,4.525,2024-08-20 19:00:00
1452,0.362000000000009,3.25,2024-08-20 19:15:00
1453,0.4669999999999952,4.0,2024-08-20 19:30:00
1454,0.9379999999999988,4.5,2024-08-20 19:45:00
1455,0.15000000000000568,5.0,2024-08-20 20:00:00
1456,0.5000000000000071,5.0,2024-08-20 20:15:00
1457,1.1829999999999963,5.25,2024-08-20 20:30:00
1458,0.08300000000000196,4.1875,2024-08-20 20:45:00
1459,0.10699999999999932,3.0,2024-08-20 21:00:00
1460,0.08300000000000196,2.0,2024-08-20 21:15:00
1461,0.27599999999999625,0.75,2024-08-20 21:30:00
1462,0.2960000000000029,1.3125,2024-08-20 21:45:00
1463,0.25800000000000267,3.25,2024-08-20 22:00:00
1464,0.10999999999999233,4.25,2024-08-20 22:15:00
1465,0.06399999999999295,5.25,2024-08-20 22:30:00
1466,,,2024-08-20 22:45:00
1467,,,2024-08-20 23:00:00
1468,,,2024-08-20 23:15:00
1469,,,2024-08-20 23:30:00
1470,,,2024-08-20 23:45:00
1471,,,2024-08-21 00:00:00
1472,,,2024-08-21 00:15:00
1473,,,2024-08-21 00:30:00
1474,,,2024-08-21 00:45:00
1475,,,2024-08-21 01:00:00
1476,,,2024-08-21 01:15:00
1477,,,2024-08-21 01:30:00
1478,,,2024-08-21 01:45:00
1479,,,2024-08-21 02:00:00
1480,,,2024-08-21 02:15:00
1481,,,2024-08-21 02:30:00
1482,,,2024-08-21 02:45:00
1483,,,2024-08-21 03:00:00
1484,,,2024-08-21 03:15:00
1485,,,2024-08-21 03:30:00
1486,0.01300000000000523,7.25,2024-08-21 03:45:00
1487,0.027999999999988034,7.275,2024-08-21 04:00:00
1488,0.022999999999999687,5.775,2024-08-21 04:15:00
1489,0.0,5.025,2024-08-21 04:30:00
1490,0.06399999999999295,3.0875,2024-08-21 04:45:00
1491,0.127000000000006,0.625,2024-08-21 05:00:00
1492,0.10999999999999233,0.8125,2024-08-21 05:15:00
1493,0.009999999999994458,2.8375,2024-08-21 05:30:00
1494,0.06600000000000605,5.275,2024-08-21 05:45:00
1495,0.06399999999999295,5.2125,2024-08-21 06:00:00
1496,0.0,7.550000000000001,2024-08-21 06:15:00
1497,0.038999999999997925,5.025,2024-08-21 06:30:00
1498,0.0,2.525,2024-08-21 06:45:00
1499,0.0,2.525,2024-08-21 07:00:00
1500,0.0,0.0,2024-08-21 07:15:00
1501,0.0,0.0625,2024-08-21 07:30:00
1502,0.014000000000002899,0.125,2024-08-21 07:45:00
1503,0.13700000000000045,0.875,2024-08-21 08:00:00
1504,0.265999999999984,1.625,2024-08-21 08:15:00
1505,0.3139999999999965,1.625,2024-08-21 08:30:00
1506,0.44500000000001094,1.625,2024-08-21 08:45:00
1507,0.6520000000000081,0.9375,2024-08-21 09:00:00
1508,0.8119999999999905,0.25,2024-08-21 09:15:00
1509,0.9570000000000078,0.3125,2024-08-21 09:30:00
1510,0.9480000000000111,0.3125,2024-08-21 09:45:00
1511,0.4699999999999882,0.3125,2024-08-21 10:00:00
1512,0.4839999999999911,0.375,2024-08-21 10:15:00
1513,0.8520000000000039,0.3125,2024-08-21 10:30:00
1514,1.0790000000000077,0.375,2024-08-21 10:45:00
1515,1.9819999999999993,0.8125,2024-08-21 11:00:00
1516,0.16899999999999693,0.75,2024-08-21 11:15:00
1517,1.0610000000000142,0.75,2024-08-21 11:30:00
1518,2.95300000000001,0.8125,2024-08-21 11:45:00
1519,2.8160000000000096,0.375,2024-08-21 12:00:00
1520,0.9059999999999846,0.5625,2024-08-21 12:15:00
1521,0.8680000000000021,0.625,2024-08-21 12:30:00
1522,2.1149999999999913,0.5625,2024-08-21 12:45:00
1523,1.6320000000000157,0.6875,2024-08-21 13:00:00
1524,2.1669999999999945,0.5,2024-08-21 13:15:00
1525,1.8440000000000012,0.4375,2024-08-21 13:30:00
1526,0.47000000000000597,0.4375,2024-08-21 13:45:00
1527,1.1979999999999968,0.5,2024-08-21 14:00:00
1528,2.707000000000015,0.625,2024-08-21 14:15:00
1529,0.3509999999999991,2.3125,2024-08-21 14:30:00
1530,0.23000000000001464,3.9375,2024-08-21 14:45:00
1531,0.44200000000000017,4.0625,2024-08-21 15:00:00
1532,1.36099999999999,4.375,2024-08-21 15:15:00
1533,4.335000000000004,3.125,2024-08-21 15:30:00
1534,3.368000000000002,1.75,2024-08-21 15:45:00
1535,0.9100000000000108,1.875,2024-08-21 16:00:00
1536,1.7430000000000057,2.875,2024-08-21 16:15:00
1537,0.038000000000000256,3.875,2024-08-21 16:30:00
1538,0.0730000000000075,4.25,2024-08-21 16:45:00
1539,2.6750000000000007,4.5,2024-08-21 17:00:00
1540,1.6460000000000008,4.0,2024-08-21 17:15:00
1541,0.14499999999999957,3.5,2024-08-21 17:30:00
1542,1.352000000000011,3.75,2024-08-21 17:45:00
1543,1.949999999999985,4.0,2024-08-21 18:00:00
1544,1.0709999999999908,3.75,2024-08-21 18:15:00
1545,0.23900000000001143,3.25,2024-08-21 18:30:00
1546,0.25699999999998724,2.625,2024-08-21 18:45:00
1547,0.32399999999999096,2.875,2024-08-21 19:00:00
1548,0.5990000000000073,3.375,2024-08-21 19:15:00
1549,0.7719999999999949,4.125,2024-08-21 19:30:00
1550,0.4499999999999993,4.5,2024-08-21 19:45:00
1551,0.6429999999999936,4.25,2024-08-21 20:00:00
1552,0.45199999999999463,4.0,2024-08-21 20:15:00
1553,0.774000000000008,4.0,2024-08-21 20:30:00
1554,1.6479999999999961,4.5,2024-08-21 20:45:00
1555,0.4349999999999987,5.0,2024-08-21 21:00:00
1556,0.4659999999999975,5.5,2024-08-21 21:15:00
1557,0.2149999999999963,4.75,2024-08-21 21:30:00
1558,0.20200000000000884,3.625,2024-08-21 21:45:00
1559,0.42800000000001504,2.375,2024-08-21 22:00:00
1560,0.389999999999997,1.125,2024-08-21 22:15:00
1561,0.034999999999989484,2.375,2024-08-21 22:30:00
1562,,,2024-08-21 22:45:00
1563,,,2024-08-21 23:00:00
1564,,,2024-08-21 23:15:00
1565,,,2024-08-21 23:30:00
1566,,,2024-08-21 23:45:00
1567,,,2024-08-22 00:00:00
1568,,,2024-08-22 00:15:00
1569,,,2024-08-22 00:30:00
1570,,,2024-08-22 00:45:00
1571,,,2024-08-22 01:00:00
1572,,,2024-08-22 01:15:00
1573,,,2024-08-22 01:30:00
1574,,,2024-08-22 01:45:00
1575,,,2024-08-22 02:00:00
1576,,,2024-08-22 02:15:00
1577,,,2024-08-22 02:30:00
1578,,,2024-08-22 02:45:00
1579,,,2024-08-22 03:00:00
1580,,,2024-08-22 03:15:00
1581,,,2024-08-22 03:30:00
1582,0.0870000000000104,4.275,2024-08-22 03:45:00
1583,0.0,2.5875,2024-08-22 04:00:00
1584,0.026999999999990365,2.5875,2024-08-22 04:15:00
1585,0.0,2.5625,2024-08-22 04:30:00
1586,0.045999999999999375,2.625,2024-08-22 04:45:00
1587,0.010000000000012221,2.5625,2024-08-22 05:00:00
1588,0.0,2.5625,2024-08-22 05:15:00
1589,0.0,0.0625,2024-08-22 05:30:00
1590,0.0,0.0,2024-08-22 05:45:00
1591,0.0,0.1875,2024-08-22 06:00:00
1592,0.01900000000000901,0.375,2024-08-22 06:15:00
1593,0.017999999999993577,0.375,2024-08-22 06:30:00
1594,0.0,0.875,2024-08-22 06:45:00
1595,0.037000000000002586,3.1875,2024-08-22 07:00:00
1596,0.09600000000000719,4.5,2024-08-22 07:15:00
1597,0.07499999999998508,4.75,2024-08-22 07:30:00
1598,0.01900000000000901,6.75,2024-08-22 07:45:00
1599,0.08699999999999264,4.25,2024-08-22 08:00:00
1600,0.0,2.75,2024-08-22 08:15:00
1601,0.0,2.5625,2024-08-22 08:30:00
1602,0.09200000000001651,0.4375,2024-08-22 08:45:00
1603,0.041999999999990933,2.1875,2024-08-22 09:00:00
1604,0.05099999999998772,4.1875,2024-08-22 09:15:00
1605,0.0849999999999973,6.65,2024-08-22 09:30:00
1606,0.022999999999999687,6.3375,2024-08-22 09:45:00
1607,0.016999999999995907,4.65,2024-08-22 10:00:00
1608,0.09600000000000719,3.025,2024-08-22 10:15:00
1609,0.3240000000000087,1.5,2024-08-22 10:30:00
1610,0.30699999999999505,1.5625,2024-08-22 10:45:00
1611,0.2430000000000021,1.5625,2024-08-22 11:00:00
1612,0.4290000000000127,1.5625,2024-08-22 11:15:00
1613,0.3880000000000017,3.0875,2024-08-22 11:30:00
1614,0.36099999999999355,4.7125,2024-08-22 11:45:00
1615,0.3989999999999938,6.4,2024-08-22 12:00:00
1616,0.389999999999997,7.025,2024-08-22 12:15:00
1617,0.2930000000000099,4.75,2024-08-22 12:30:00
1618,0.28399999999999537,3.375,2024-08-22 12:45:00
1619,0.49699999999999633,2.125,2024-08-22 13:00:00
1620,0.4609999999999914,1.625,2024-08-22 13:15:00
1621,0.20200000000000884,2.875,2024-08-22 13:30:00
1622,0.15700000000000713,4.0,2024-08-22 13:45:00
1623,0.20500000000000185,4.0,2024-08-22 14:00:00
1624,0.22100000000000009,4.25,2024-08-22 14:15:00
1625,0.28399999999999537,3.75,2024-08-22 14:30:00
1626,0.23299999999998988,3.5,2024-08-22 14:45:00
1627,0.16000000000000014,3.0,2024-08-22 15:00:00
1628,0.0,3.75,2024-08-22 15:15:00
1629,0.053000000000000824,2.8125,2024-08-22 15:30:00
1630,0.259999999999998,3.5625,2024-08-22 15:45:00
1631,0.2120000000000033,6.0625,2024-08-22 16:00:00
1632,0.5819999999999936,6.3125,2024-08-22 16:15:00
1633,0.45199999999999463,8.0,2024-08-22 16:30:00
1634,0.5100000000000016,7.75,2024-08-22 16:45:00
1635,0.5070000000000086,7.25,2024-08-22 17:00:00
1636,0.2310000000000123,5.5,2024-08-22 17:15:00
1637,0.0,3.75,2024-08-22 17:30:00
1638,0.0,2.1875,2024-08-22 17:45:00
1639,0.05499999999999616,0.1875,2024-08-22 18:00:00
1640,0.0,2.6875,2024-08-22 18:15:00
1641,0.13999999999999346,2.6875,2024-08-22 18:30:00
1642,0.0,2.5,2024-08-22 18:45:00
1643,0.0,2.5,2024-08-22 19:00:00
1644,0.0,0.0,2024-08-22 19:15:00
1645,0.0,0.375,2024-08-22 19:30:00
1646,0.0009999999999976694,0.375,2024-08-22 19:45:00
1647,0.0,0.5,2024-08-22 20:00:00
1648,0.02600000000001046,2.25,2024-08-22 20:15:00
1649,0.0004999999999988347,3.875,2024-08-22 20:30:00
1650,0.08874999999999744,4.0625,2024-08-22 20:45:00
1651,0.3110000000000035,3.9375,2024-08-22 21:00:00
1652,0.0,2.1875,2024-08-22 21:15:00
1653,0.0,0.1875,2024-08-22 21:30:00
1654,0.0,0.0625,2024-08-22 21:45:00
1655,0.08650000000001157,0.3125,2024-08-22 22:00:00
1656,0.07999999999999119,0.375,2024-08-22 22:15:00
1657,0.07550000000000168,2.9,2024-08-22 22:30:00
1658,,,2024-08-22 22:45:00
1659,,,2024-08-22 23:00:00
1660,,,2024-08-22 23:15:00
1661,,,2024-08-22 23:30:00
1662,,,2024-08-22 23:45:00
1663,,,2024-08-23 00:00:00
1664,,,2024-08-23 00:15:00
1665,,,2024-08-23 00:30:00
1666,,,2024-08-23 00:45:00
1667,,,2024-08-23 01:00:00
1668,,,2024-08-23 01:15:00
1669,,,2024-08-23 01:30:00
1670,,,2024-08-23 01:45:00
1671,,,2024-08-23 02:00:00
1672,,,2024-08-23 02:15:00
1673,,,2024-08-23 02:30:00
1674,,,2024-08-23 02:45:00
1675,,,2024-08-23 03:00:00
1676,,,2024-08-23 03:15:00
1677,,,2024-08-23 03:30:00
1678,0.20599999999999952,5.05,2024-08-23 03:45:00
1679,0.3079999999999927,7.55,2024-08-23 04:00:00
1680,0.15699999999998937,7.6125,2024-08-23 04:15:00
1681,0.13799999999999812,5.0875,2024-08-23 04:30:00
1682,0.0,2.5625,2024-08-23 04:45:00
1683,0.0,0.0625,2024-08-23 05:00:00
1684,0.0,2.0,2024-08-23 05:15:00
1685,0.11725000000000207,3.5,2024-08-23 05:30:00
1686,0.17099999999999227,3.6875,2024-08-23 05:45:00
1687,0.13650000000000162,3.75,2024-08-23 06:00:00
1688,0.1580000000000048,1.75,2024-08-23 06:15:00
1689,0.0,2.75,2024-08-23 06:30:00
1690,0.16400000000000858,2.8125,2024-08-23 06:45:00
1691,0.16400000000000858,5.275,2024-08-23 07:00:00
1692,0.1302500000000073,7.275,2024-08-23 07:15:00
1693,0.004000000000008441,5.15,2024-08-23 07:30:00
1694,0.13674999999999216,4.9625,2024-08-23 07:45:00
1695,0.2069999999999972,2.5,2024-08-23 08:00:00
1696,0.22700000000000387,0.5625,2024-08-23 08:15:00
1697,0.3360000000000163,0.4375,2024-08-23 08:30:00
1698,0.5180000000000007,0.5,2024-08-23 08:45:00
1699,0.4839999999999911,0.5,2024-08-23 09:00:00
1700,0.8070000000000022,0.5,2024-08-23 09:15:00
1701,0.5429999999999957,0.5,2024-08-23 09:30:00
1702,0.9039999999999893,0.75,2024-08-23 09:45:00
1703,0.965000000000007,0.75,2024-08-23 10:00:00
1704,0.8239999999999981,0.75,2024-08-23 10:15:00
1705,1.0410000000000075,0.5625,2024-08-23 10:30:00
1706,1.2129999999999974,0.375,2024-08-23 10:45:00
1707,0.42500000000000426,0.4375,2024-08-23 11:00:00
1708,0.25299999999999656,0.5,2024-08-23 11:15:00
1709,1.1490000000000045,0.5,2024-08-23 11:30:00
1710,0.19399999999999196,0.5625,2024-08-23 11:45:00
1711,0.7669999999999888,0.5,2024-08-23 12:00:00
1712,1.4799999999999969,0.625,2024-08-23 12:15:00
1713,1.399000000000008,0.8125,2024-08-23 12:30:00
1714,1.0449999999999982,0.9375,2024-08-23 12:45:00
1715,0.8699999999999974,1.25,2024-08-23 13:00:00
1716,0.19600000000000506,1.75,2024-08-23 13:15:00
1717,0.1389999999999958,2.25,2024-08-23 13:30:00
1718,0.3610000000000113,2.625,2024-08-23 13:45:00
1719,0.22100000000000009,2.4375,2024-08-23 14:00:00
1720,0.23200000000000998,2.9375,2024-08-23 14:15:00
1721,0.3279999999999994,4.1875,2024-08-23 14:30:00
1722,0.36300000000000665,3.6875,2024-08-23 14:45:00
1723,0.7620000000000005,6.0,2024-08-23 15:00:00
1724,0.3200000000000003,5.5,2024-08-23 15:15:00
1725,0.07999999999999119,3.875,2024-08-23 15:30:00
1726,0.3309999999999924,4.875,2024-08-23 15:45:00
1727,0.2510000000000012,3.125,2024-08-23 16:00:00
1728,0.23000000000001464,3.125,2024-08-23 16:15:00
1729,0.21000000000000796,4.0,2024-08-23 16:30:00
1730,0.21900000000000475,3.25,2024-08-23 16:45:00
1731,0.23999999999999133,4.5,2024-08-23 17:00:00
1732,0.12800000000000367,5.25,2024-08-23 17:15:00
1733,0.3789999999999871,5.75,2024-08-23 17:30:00
1734,0.29500000000000526,7.0,2024-08-23 17:45:00
1735,0.10799999999999699,7.0,2024-08-23 18:00:00
1736,0.012999999999987466,5.5,2024-08-23 18:15:00
1737,0.0,5.0,2024-08-23 18:30:00
1738,0.08000000000000895,5.75,2024-08-23 18:45:00
1739,0.015000000000000568,6.275,2024-08-23 19:00:00
1740,0.037000000000002586,8.025,2024-08-23 19:15:00
1741,0.04100000000001103,6.775,2024-08-23 19:30:00
1742,0.0,4.275,2024-08-23 19:45:00
1743,0.0,1.75,2024-08-23 20:00:00
1744,0.0,0.0,2024-08-23 20:15:00
1745,0.0,0.375,2024-08-23 20:30:00
1746,0.038000000000000256,2.9,2024-08-23 20:45:00
1747,0.011999999999989797,2.9,2024-08-23 21:00:00
1748,0.0,2.9625,2024-08-23 21:15:00
1749,0.12800000000000367,2.5875,2024-08-23 21:30:00
1750,0.0,0.0625,2024-08-23 21:45:00
1751,0.0,0.0625,2024-08-23 22:00:00
1752,0.0,0.375,2024-08-23 22:15:00
1753,0.10099999999999554,0.4375,2024-08-23 22:30:00
1754,,,2024-08-23 22:45:00
1755,,,2024-08-23 23:00:00
1756,,,2024-08-23 23:15:00
1757,,,2024-08-23 23:30:00
1758,,,2024-08-23 23:45:00
1759,,,2024-08-24 00:00:00
1760,,,2024-08-24 00:15:00
1761,,,2024-08-24 00:30:00
1762,,,2024-08-24 00:45:00
1763,,,2024-08-24 01:00:00
1764,,,2024-08-24 01:15:00
1765,,,2024-08-24 01:30:00
1766,,,2024-08-24 01:45:00
1767,,,2024-08-24 02:00:00
1768,,,2024-08-24 02:15:00
1769,,,2024-08-24 02:30:00
1770,,,2024-08-24 02:45:00
1771,,,2024-08-24 03:00:00
1772,,,2024-08-24 03:15:00
1773,,,2024-08-24 03:30:00
1774,0.0,2.0,2024-08-24 03:45:00
1775,0.0,2.375,2024-08-24 04:00:00
1776,0.05299999999998306,0.375,2024-08-24 04:15:00
1777,0.0,0.375,2024-08-24 04:30:00
1778,0.0,2.875,2024-08-24 04:45:00
1779,0.08900000000000574,4.5,2024-08-24 05:00:00
1780,0.0070000000000014495,4.5625,2024-08-24 05:15:00
1781,0.015999999999998238,4.625,2024-08-24 05:30:00
1782,0.046999999999997044,4.65,2024-08-24 05:45:00
1783,0.021750000000011482,5.15,2024-08-24 06:00:00
1784,0.20799999999999486,6.5875,2024-08-24 06:15:00
1785,0.04824999999998525,6.525,2024-08-24 06:30:00
1786,0.0,6.525,2024-08-24 06:45:00
1787,0.02100000000000435,5.275,2024-08-24 07:00:00
1788,0.020999999999986585,4.275,2024-08-24 07:15:00
1789,0.017999999999993577,4.275,2024-08-24 07:30:00
1790,0.0,1.8125,2024-08-24 07:45:00
1791,0.07999999999999119,0.6875,2024-08-24 08:00:00
1792,0.09399999999999409,2.7125,2024-08-24 08:15:00
1793,0.06600000000000605,2.9,2024-08-24 08:30:00
1794,0.13300000000000978,5.3375,2024-08-24 08:45:00
1795,0.09100000000000108,5.3375,2024-08-24 09:00:00
1796,0.10999999999999233,2.875,2024-08-24 09:15:00
1797,0.10799999999999699,2.75,2024-08-24 09:30:00
1798,0.1010000000000133,0.375,2024-08-24 09:45:00
1799,0.2012500000000017,0.3125,2024-08-24 10:00:00
1800,0.3259999999999863,0.3125,2024-08-24 10:15:00
1801,0.9577499999999972,0.3125,2024-08-24 10:30:00
1802,1.305000000000014,0.25,2024-08-24 10:45:00
1803,0.7440000000000069,0.25,2024-08-24 11:00:00
1804,1.216999999999988,0.25,2024-08-24 11:15:00
1805,0.5529999999999902,0.25,2024-08-24 11:30:00
1806,0.406000000000013,0.25,2024-08-24 11:45:00
1807,1.6520000000000046,0.3125,2024-08-24 12:00:00
1808,2.1279999999999966,0.3125,2024-08-24 12:15:00
1809,1.4310000000000045,0.3125,2024-08-24 12:30:00
1810,0.6869999999999976,0.375,2024-08-24 12:45:00
1811,1.2959999999999994,2.75,2024-08-24 13:00:00
1812,0.35700000000000287,3.1875,2024-08-24 13:15:00
1813,0.5699999999999861,3.375,2024-08-24 13:30:00
1814,0.43799999999999173,3.5,2024-08-24 13:45:00
1815,1.1069999999999958,1.125,2024-08-24 14:00:00
1816,1.551000000000009,0.75,2024-08-24 14:15:00
1817,1.0200000000000031,0.6875,2024-08-24 14:30:00
1818,0.9159999999999968,1.1875,2024-08-24 14:45:00
1819,0.18599999999999284,1.4375,2024-08-24 15:00:00
1820,0.39699999999999847,1.5625,2024-08-24 15:15:00
1821,0.9450000000000003,1.375,2024-08-24 15:30:00
1822,0.0,2.625,2024-08-24 15:45:00
1823,0.12899999999998357,3.0,2024-08-24 16:00:00
1824,0.2549999999999919,4.25,2024-08-24 16:15:00
1825,0.09800000000000253,4.75,2024-08-24 16:30:00
1826,0.10999999999999233,3.0,2024-08-24 16:45:00
1827,0.11200000000000543,2.75,2024-08-24 17:00:00
1828,0.641000000000016,1.75,2024-08-24 17:15:00
1829,1.3729999999999976,2.0,2024-08-24 17:30:00
1830,0.7150000000000034,2.5,2024-08-24 17:45:00
1831,1.1050000000000004,3.0,2024-08-24 18:00:00
1832,0.9259999999999913,3.75,2024-08-24 18:15:00
1833,0.4919999999999902,5.0,2024-08-24 18:30:00
1834,0.015000000000000568,5.5,2024-08-24 18:45:00
1835,0.08599999999999497,5.75,2024-08-24 19:00:00
1836,0.34299999999999997,6.0,2024-08-24 19:15:00
1837,0.44599999999999085,4.0,2024-08-24 19:30:00
1838,0.0,2.75,2024-08-24 19:45:00
1839,0.0,3.0,2024-08-24 20:00:00
1840,0.023999999999997357,2.75,2024-08-24 20:15:00
1841,0.25399999999999423,4.75,2024-08-24 20:30:00
1842,0.06500000000000838,6.5,2024-08-24 20:45:00
1843,0.10399999999998855,6.5,2024-08-24 21:00:00
1844,0.06299999999999528,7.75,2024-08-24 21:15:00
1845,0.004999999999988347,5.8125,2024-08-24 21:30:00
1846,0.10300000000000864,6.5625,2024-08-24 21:45:00
1847,0.0990000000000002,7.5625,2024-08-24 22:00:00
1848,0.11800000000000921,5.125,2024-08-24 22:15:00
1849,0.053000000000000824,5.0625,2024-08-24 22:30:00
1850,,,2024-08-24 22:45:00
1851,,,2024-08-24 23:00:00
1852,,,2024-08-24 23:15:00
1853,,,2024-08-24 23:30:00
1854,,,2024-08-24 23:45:00
1855,,,2024-08-25 00:00:00
1856,,,2024-08-25 00:15:00
1857,,,2024-08-25 00:30:00
1858,,,2024-08-25 00:45:00
1859,,,2024-08-25 01:00:00
1860,,,2024-08-25 01:15:00
1861,,,2024-08-25 01:30:00
1862,,,2024-08-25 01:45:00
1863,,,2024-08-25 02:00:00
1864,,,2024-08-25 02:15:00
1865,,,2024-08-25 02:30:00
1866,,,2024-08-25 02:45:00
1867,,,2024-08-25 03:00:00
1868,,,2024-08-25 03:15:00
1869,,,2024-08-25 03:30:00
1870,0.050000000000007816,3.5,2024-08-25 03:45:00
1871,0.0,2.75,2024-08-25 04:00:00
1872,0.050000000000007816,2.75,2024-08-25 04:15:00
1873,0.0,2.75,2024-08-25 04:30:00
1874,0.039999999999995595,2.75,2024-08-25 04:45:00
1875,0.0,2.5,2024-08-25 05:00:00
1876,0.0,4.25,2024-08-25 05:15:00
1877,0.0059999999999860165,1.9375,2024-08-25 05:30:00
1878,0.11974999999999625,1.9375,2024-08-25 05:45:00
1879,0.0,1.9375,2024-08-25 06:00:00
1880,0.0,0.1875,2024-08-25 06:15:00
1881,0.0,0.0,2024-08-25 06:30:00
1882,0.0,0.0,2024-08-25 06:45:00
1883,0.0,0.5,2024-08-25 07:00:00
1884,0.026999999999990365,0.5625,2024-08-25 07:15:00
1885,0.057000000000009265,0.625,2024-08-25 07:30:00
1886,0.09600000000000719,0.6875,2024-08-25 07:45:00
1887,0.1279999999999859,0.3125,2024-08-25 08:00:00
1888,0.03600000000000492,0.3125,2024-08-25 08:15:00
1889,0.10800000000001475,0.5,2024-08-25 08:30:00
1890,0.3279999999999994,0.5625,2024-08-25 08:45:00
1891,0.21100000000000563,2.9375,2024-08-25 09:00:00
1892,0.015000000000000568,2.9375,2024-08-25 09:15:00
1893,0.21100000000000563,2.875,2024-08-25 09:30:00
1894,0.4940000000000033,2.875,2024-08-25 09:45:00
1895,0.6859999999999999,0.4375,2024-08-25 10:00:00
1896,0.9590000000000032,0.4375,2024-08-25 10:15:00
1897,0.40300000000000225,0.625,2024-08-25 10:30:00
1898,0.4100000000000037,0.5625,2024-08-25 10:45:00
1899,0.48799999999999955,0.625,2024-08-25 11:00:00
1900,0.6980000000000075,0.625,2024-08-25 11:15:00
1901,0.9500000000000064,0.3125,2024-08-25 11:30:00
1902,1.1570000000000036,0.625,2024-08-25 11:45:00
1903,1.0119999999999862,0.75,2024-08-25 12:00:00
1904,1.6920000000000002,0.875,2024-08-25 12:15:00
1905,1.169999999999991,0.875,2024-08-25 12:30:00
1906,1.0660000000000025,0.5625,2024-08-25 12:45:00
1907,0.51400000000001,0.375,2024-08-25 13:00:00
1908,0.9360000000000035,0.3125,2024-08-25 13:15:00
1909,2.0090000000000074,0.375,2024-08-25 13:30:00
1910,0.5250000000000021,0.375,2024-08-25 13:45:00
1911,0.4020000000000046,0.4375,2024-08-25 14:00:00
1912,1.147999999999989,0.4375,2024-08-25 14:15:00
1913,1.286000000000005,2.8375,2024-08-25 14:30:00
1914,0.038000000000000256,5.3,2024-08-25 14:45:00
1915,0.06800000000000139,7.675,2024-08-25 15:00:00
1916,0.060000000000002274,7.8,2024-08-25 15:15:00
1917,2.3380000000000045,6.025,2024-08-25 15:30:00
1918,1.4179999999999993,4.5,2024-08-25 15:45:00
1919,0.6039999999999957,3.5,2024-08-25 16:00:00
1920,0.4940000000000033,3.4375,2024-08-25 16:15:00
1921,0.21599999999999397,2.75,2024-08-25 16:30:00
1922,0.43699999999999406,2.75,2024-08-25 16:45:00
1923,0.27200000000000557,3.775,2024-08-25 17:00:00
1924,0.4610000000000092,6.0875,2024-08-25 17:15:00
1925,0.3589999999999982,8.55,2024-08-25 17:30:00
1926,0.06599999999998829,8.3,2024-08-25 17:45:00
1927,0.030999999999998806,7.525,2024-08-25 18:00:00
1928,0.1469999999999949,7.525,2024-08-25 18:15:00
1929,0.2990000000000137,7.525,2024-08-25 18:30:00
1930,0.16199999999999548,6.775,2024-08-25 18:45:00
1931,0.0,5.025,2024-08-25 19:00:00
1932,0.0,2.7125,2024-08-25 19:15:00
1933,0.00600000000000378,2.6875,2024-08-25 19:30:00
1934,0.019999999999988916,4.1875,2024-08-25 19:45:00
1935,0.008999999999996788,4.25,2024-08-25 20:00:00
1936,0.003999999999990678,4.125,2024-08-25 20:15:00
1937,0.07600000000000051,1.875,2024-08-25 20:30:00
1938,0.045999999999999375,0.375,2024-08-25 20:45:00
1939,0.0,2.8375,2024-08-25 21:00:00
1940,0.046999999999997044,5.275,2024-08-25 21:15:00
1941,0.040999999999993264,6.525,2024-08-25 21:30:00
1942,0.040999999999993264,8.275,2024-08-25 21:45:00
1943,0.053000000000000824,8.275,2024-08-25 22:00:00
1944,0.07299999999998974,5.775,2024-08-25 22:15:00
1945,0.0,4.525,2024-08-25 22:30:00
1946,,,2024-08-25 22:45:00
1947,,,2024-08-25 23:00:00
1948,,,2024-08-25 23:15:00
1949,,,2024-08-25 23:30:00
1950,,,2024-08-25 23:45:00
1951,,,2024-08-26 00:00:00
1952,,,2024-08-26 00:15:00
1953,,,2024-08-26 00:30:00
1954,,,2024-08-26 00:45:00
1955,,,2024-08-26 01:00:00
1956,,,2024-08-26 01:15:00
1957,,,2024-08-26 01:30:00
1958,,,2024-08-26 01:45:00
1959,,,2024-08-26 02:00:00
1960,,,2024-08-26 02:15:00
1961,,,2024-08-26 02:30:00
1962,,,2024-08-26 02:45:00
1963,,,2024-08-26 03:00:00
1964,,,2024-08-26 03:15:00
1965,,,2024-08-26 03:30:00
1966,0.038999999999997925,7.925000000000001,2024-08-26 03:45:00
1967,0.024999999999995026,7.550000000000001,2024-08-26 04:00:00
1968,0.0,5.15,2024-08-26 04:15:00
1969,0.059000000000004604,2.65,2024-08-26 04:30:00
1970,0.0,0.5,2024-08-26 04:45:00
1971,0.003499999999991843,0.5,2024-08-26 05:00:00
1972,0.0,0.375,2024-08-26 05:15:00
1973,0.0,2.875,2024-08-26 05:30:00
1974,0.03474999999999895,2.5625,2024-08-26 05:45:00
1975,0.1529999999999987,2.625,2024-08-26 06:00:00
1976,0.045999999999999375,2.625,2024-08-26 06:15:00
1977,0.0,0.125,2024-08-26 06:30:00
1978,0.0,0.25,2024-08-26 06:45:00
1979,0.02700000000000813,0.3125,2024-08-26 07:00:00
1980,0.11400000000000077,0.375,2024-08-26 07:15:00
1981,0.12800000000000367,0.375,2024-08-26 07:30:00
1982,0.0,2.1875,2024-08-26 07:45:00
1983,0.0709999999999944,2.125,2024-08-26 08:00:00
1984,0.30400000000000205,2.125,2024-08-26 08:15:00
1985,0.10699999999999932,2.3125,2024-08-26 08:30:00
1986,0.13300000000000978,0.375,2024-08-26 08:45:00
1987,1.081000000000003,0.375,2024-08-26 09:00:00
1988,0.9400000000000119,0.5,2024-08-26 09:15:00
1989,1.142000000000003,0.5,2024-08-26 09:30:00
1990,0.9479999999999933,0.5,2024-08-26 09:45:00
1991,2.2049999999999947,0.5,2024-08-26 10:00:00
1992,1.9149999999999956,0.5625,2024-08-26 10:15:00
1993,2.3019999999999996,0.5,2024-08-26 10:30:00
1994,2.1560000000000024,0.5,2024-08-26 10:45:00
1995,1.6239999999999988,0.8125,2024-08-26 11:00:00
1996,0.6930000000000014,1.8125,2024-08-26 11:15:00
1997,0.050000000000007816,1.8125,2024-08-26 11:30:00
1998,1.803000000000008,1.875,2024-08-26 11:45:00
1999,2.613000000000003,1.75,2024-08-26 12:00:00
2000,4.100999999999999,0.875,2024-08-26 12:15:00
2001,1.3979999999999926,1.75,2024-08-26 12:30:00
2002,0.027999999999988034,2.125,2024-08-26 12:45:00
2003,1.803000000000008,2.625,2024-08-26 13:00:00
2004,0.912999999999986,3.25,2024-08-26 13:15:00
2005,0.23999999999999133,2.4375,2024-08-26 13:30:00
2006,0.9130000000000038,2.125,2024-08-26 13:45:00
2007,2.0030000000000037,1.4375,2024-08-26 14:00:00
2008,0.5330000000000013,0.5,2024-08-26 14:15:00
2009,1.9449999999999967,0.4375,2024-08-26 14:30:00
2010,3.199000000000005,0.625,2024-08-26 14:45:00
2011,3.7149999999999928,0.9375,2024-08-26 15:00:00
2012,4.069000000000003,1.375,2024-08-26 15:15:00
2013,2.6900000000000013,1.75,2024-08-26 15:30:00
2014,1.1969999999999992,2.125,2024-08-26 15:45:00
2015,1.1019999999999897,2.5,2024-08-26 16:00:00
2016,0.8990000000000009,3.25,2024-08-26 16:15:00
2017,0.06800000000000139,2.8125,2024-08-26 16:30:00
2018,0.2749999999999986,3.0625,2024-08-26 16:45:00
2019,0.32399999999999096,4.8375,2024-08-26 17:00:00
2020,0.23300000000000765,4.8375,2024-08-26 17:15:00
2021,0.16600000000000392,6.025,2024-08-26 17:30:00
2022,0.8199999999999896,5.2125,2024-08-26 17:45:00
2023,0.6300000000000061,3.1875,2024-08-26 18:00:00
2024,0.384000000000011,4.4375,2024-08-26 18:15:00
2025,0.28200000000000003,3.3125,2024-08-26 18:30:00
2026,0.6129999999999924,3.625,2024-08-26 18:45:00
2027,1.0170000000000101,3.375,2024-08-26 19:00:00
2028,0.6810000000000116,1.875,2024-08-26 19:15:00
2029,0.28399999999999537,1.75,2024-08-26 19:30:00
2030,0.0,1.375,2024-08-26 19:45:00
2031,0.4779999999999873,1.3125,2024-08-26 20:00:00
2032,0.6429999999999936,0.6875,2024-08-26 20:15:00
2033,0.08900000000000574,3.2125,2024-08-26 20:30:00
2034,0.23500000000000298,5.6125,2024-08-26 20:45:00
2035,0.045999999999999375,5.425,2024-08-26 21:00:00
2036,0.0,6.3,2024-08-26 21:15:00
2037,0.039999999999995595,4.025,2024-08-26 21:30:00
2038,0.09800000000000253,1.875,2024-08-26 21:45:00
2039,0.060000000000002274,2.625,2024-08-26 22:00:00
2040,0.09800000000000253,1.375,2024-08-26 22:15:00
2041,0.0,1.375,2024-08-26 22:30:00
2042,,,2024-08-26 22:45:00
2043,,,2024-08-26 23:00:00
2044,,,2024-08-26 23:15:00
2045,,,2024-08-26 23:30:00
2046,,,2024-08-26 23:45:00
2047,,,2024-08-27 00:00:00
2048,,,2024-08-27 00:15:00
2049,,,2024-08-27 00:30:00
2050,,,2024-08-27 00:45:00
2051,,,2024-08-27 01:00:00
2052,,,2024-08-27 01:15:00
2053,,,2024-08-27 01:30:00
2054,,,2024-08-27 01:45:00
2055,,,2024-08-27 02:00:00
2056,,,2024-08-27 02:15:00
2057,,,2024-08-27 02:30:00
2058,,,2024-08-27 02:45:00
2059,,,2024-08-27 03:00:00
2060,,,2024-08-27 03:15:00
2061,,,2024-08-27 03:30:00
2062,,,2024-08-27 03:45:00
2063,,,2024-08-27 04:00:00
2064,,,2024-08-27 04:15:00
2065,,,2024-08-27 04:30:00
2066,,,2024-08-27 04:45:00
2067,,,2024-08-27 05:00:00
2068,,,2024-08-27 05:15:00
2069,,,2024-08-27 05:30:00
2070,,,2024-08-27 05:45:00
2071,,,2024-08-27 06:00:00
2072,,,2024-08-27 06:15:00
2073,,,2024-08-27 06:30:00
2074,,,2024-08-27 06:45:00
2075,,,2024-08-27 07:00:00
2076,,,2024-08-27 07:15:00
2077,,,2024-08-27 07:30:00
2078,,,2024-08-27 07:45:00
2079,,,2024-08-27 08:00:00
2080,,,2024-08-27 08:15:00
2081,,,2024-08-27 08:30:00
2082,,,2024-08-27 08:45:00
2083,,,2024-08-27 09:00:00
2084,,,2024-08-27 09:15:00
2085,,,2024-08-27 09:30:00
2086,,,2024-08-27 09:45:00
2087,,,2024-08-27 10:00:00
2088,,,2024-08-27 10:15:00
2089,,,2024-08-27 10:30:00
2090,,,2024-08-27 10:45:00
2091,,,2024-08-27 11:00:00
2092,,,2024-08-27 11:15:00
2093,,,2024-08-27 11:30:00
2094,,,2024-08-27 11:45:00
2095,,,2024-08-27 12:00:00
2096,,,2024-08-27 12:15:00
2097,,,2024-08-27 12:30:00
2098,,,2024-08-27 12:45:00
2099,,,2024-08-27 13:00:00
2100,,,2024-08-27 13:15:00
2101,,,2024-08-27 13:30:00
2102,,,2024-08-27 13:45:00
2103,,,2024-08-27 14:00:00
2104,,,2024-08-27 14:15:00
2105,,,2024-08-27 14:30:00
2106,,,2024-08-27 14:45:00
2107,,,2024-08-27 15:00:00
2108,,,2024-08-27 15:15:00
2109,,,2024-08-27 15:30:00
2110,,,2024-08-27 15:45:00
2111,,,2024-08-27 16:00:00
2112,,,2024-08-27 16:15:00
2113,,,2024-08-27 16:30:00
2114,,,2024-08-27 16:45:00
2115,,,2024-08-27 17:00:00
2116,,,2024-08-27 17:15:00
2117,,,2024-08-27 17:30:00
2118,,,2024-08-27 17:45:00
2119,,,2024-08-27 18:00:00
2120,,,2024-08-27 18:15:00
2121,,,2024-08-27 18:30:00
2122,,,2024-08-27 18:45:00
2123,,,2024-08-27 19:00:00
2124,,,2024-08-27 19:15:00
2125,,,2024-08-27 19:30:00
2126,,,2024-08-27 19:45:00
2127,,,2024-08-27 20:00:00
2128,,,2024-08-27 20:15:00
2129,,,2024-08-27 20:30:00
2130,,,2024-08-27 20:45:00
2131,,,2024-08-27 21:00:00
2132,,,2024-08-27 21:15:00
2133,,,2024-08-27 21:30:00
2134,,,2024-08-27 21:45:00
2135,,,2024-08-27 22:00:00
2136,,,2024-08-27 22:15:00
2137,,,2024-08-27 22:30:00
2138,,,2024-08-27 22:45:00
2139,,,2024-08-27 23:00:00
2140,,,2024-08-27 23:15:00
2141,,,2024-08-27 23:30:00
2142,,,2024-08-27 23:45:00
2143,,,2024-08-28 00:00:00
2144,,,2024-08-28 00:15:00
2145,,,2024-08-28 00:30:00
2146,,,2024-08-28 00:45:00
2147,,,2024-08-28 01:00:00
2148,,,2024-08-28 01:15:00
2149,,,2024-08-28 01:30:00
2150,,,2024-08-28 01:45:00
2151,,,2024-08-28 02:00:00
2152,,,2024-08-28 02:15:00
2153,,,2024-08-28 02:30:00
2154,,,2024-08-28 02:45:00
2155,,,2024-08-28 03:00:00
2156,,,2024-08-28 03:15:00
2157,,,2024-08-28 03:30:00
2158,,,2024-08-28 03:45:00
2159,,,2024-08-28 04:00:00
2160,,,2024-08-28 04:15:00
2161,,,2024-08-28 04:30:00
2162,,,2024-08-28 04:45:00
2163,,,2024-08-28 05:00:00
2164,,,2024-08-28 05:15:00
2165,,,2024-08-28 05:30:00
2166,,,2024-08-28 05:45:00
2167,,,2024-08-28 06:00:00
2168,,,2024-08-28 06:15:00
2169,,,2024-08-28 06:30:00
2170,,,2024-08-28 06:45:00
2171,,,2024-08-28 07:00:00
2172,,,2024-08-28 07:15:00
2173,,,2024-08-28 07:30:00
2174,,,2024-08-28 07:45:00
2175,,,2024-08-28 08:00:00
2176,,,2024-08-28 08:15:00
2177,,,2024-08-28 08:30:00
2178,,,2024-08-28 08:45:00
2179,,,2024-08-28 09:00:00
2180,,,2024-08-28 09:15:00
2181,,,2024-08-28 09:30:00
2182,,,2024-08-28 09:45:00
2183,,,2024-08-28 10:00:00
2184,,,2024-08-28 10:15:00
2185,,,2024-08-28 10:30:00
2186,,,2024-08-28 10:45:00
2187,,,2024-08-28 11:00:00
2188,,,2024-08-28 11:15:00
2189,,,2024-08-28 11:30:00
2190,,,2024-08-28 11:45:00
2191,,,2024-08-28 12:00:00
2192,,,2024-08-28 12:15:00
2193,,,2024-08-28 12:30:00
2194,,,2024-08-28 12:45:00
2195,,,2024-08-28 13:00:00
2196,,,2024-08-28 13:15:00
2197,,,2024-08-28 13:30:00
2198,,,2024-08-28 13:45:00
2199,,,2024-08-28 14:00:00
2200,,,2024-08-28 14:15:00
2201,,,2024-08-28 14:30:00
2202,,,2024-08-28 14:45:00
2203,,,2024-08-28 15:00:00
2204,,,2024-08-28 15:15:00
2205,,,2024-08-28 15:30:00
2206,,,2024-08-28 15:45:00
2207,,,2024-08-28 16:00:00
2208,,,2024-08-28 16:15:00
2209,,,2024-08-28 16:30:00
2210,,,2024-08-28 16:45:00
2211,,,2024-08-28 17:00:00
2212,,,2024-08-28 17:15:00
2213,,,2024-08-28 17:30:00
2214,,,2024-08-28 17:45:00
2215,,,2024-08-28 18:00:00
2216,,,2024-08-28 18:15:00
2217,,,2024-08-28 18:30:00
2218,,,2024-08-28 18:45:00
2219,,,2024-08-28 19:00:00
2220,,,2024-08-28 19:15:00
2221,,,2024-08-28 19:30:00
2222,,,2024-08-28 19:45:00
2223,,,2024-08-28 20:00:00
2224,,,2024-08-28 20:15:00
2225,,,2024-08-28 20:30:00
2226,,,2024-08-28 20:45:00
2227,,,2024-08-28 21:00:00
2228,,,2024-08-28 21:15:00
2229,,,2024-08-28 21:30:00
2230,,,2024-08-28 21:45:00
2231,,,2024-08-28 22:00:00
2232,,,2024-08-28 22:15:00
2233,,,2024-08-28 22:30:00
2234,,,2024-08-28 22:45:00
2235,,,2024-08-28 23:00:00
2236,,,2024-08-28 23:15:00
2237,,,2024-08-28 23:30:00
2238,,,2024-08-28 23:45:00
2239,,,2024-08-29 00:00:00
2240,,,2024-08-29 00:15:00
2241,,,2024-08-29 00:30:00
2242,,,2024-08-29 00:45:00
2243,,,2024-08-29 01:00:00
2244,,,2024-08-29 01:15:00
2245,,,2024-08-29 01:30:00
2246,,,2024-08-29 01:45:00
2247,,,2024-08-29 02:00:00
2248,,,2024-08-29 02:15:00
2249,,,2024-08-29 02:30:00
2250,,,2024-08-29 02:45:00
2251,,,2024-08-29 03:00:00
2252,,,2024-08-29 03:15:00
2253,,,2024-08-29 03:30:00
2254,,,2024-08-29 03:45:00
2255,,,2024-08-29 04:00:00
2256,,,2024-08-29 04:15:00
2257,,,2024-08-29 04:30:00
2258,,,2024-08-29 04:45:00
2259,,,2024-08-29 05:00:00
2260,,,2024-08-29 05:15:00
2261,,,2024-08-29 05:30:00
2262,,,2024-08-29 05:45:00
2263,,,2024-08-29 06:00:00
2264,,,2024-08-29 06:15:00
2265,,,2024-08-29 06:30:00
2266,,,2024-08-29 06:45:00
2267,,,2024-08-29 07:00:00
2268,,,2024-08-29 07:15:00
2269,,,2024-08-29 07:30:00
2270,,,2024-08-29 07:45:00
2271,,,2024-08-29 08:00:00
2272,,,2024-08-29 08:15:00
2273,,,2024-08-29 08:30:00
2274,,,2024-08-29 08:45:00
2275,,,2024-08-29 09:00:00
2276,,,2024-08-29 09:15:00
2277,,,2024-08-29 09:30:00
2278,,,2024-08-29 09:45:00
2279,,,2024-08-29 10:00:00
2280,,,2024-08-29 10:15:00
2281,,,2024-08-29 10:30:00
2282,,,2024-08-29 10:45:00
2283,,,2024-08-29 11:00:00
2284,,,2024-08-29 11:15:00
2285,,,2024-08-29 11:30:00
